[{"__symbolic":"module","version":3,"metadata":{"AnimationViewContext":{"__symbolic":"class","members":{"__ctor__":[{"__symbolic":"constructor","parameters":[{"__symbolic":"reference","module":"../animation/animation_queue","name":"AnimationQueue"}]}],"onAllActiveAnimationsDone":[{"__symbolic":"method"}],"queueAnimation":[{"__symbolic":"method"}],"getAnimationPlayers":[{"__symbolic":"method"}]}}}},{"__symbolic":"module","version":1,"metadata":{"AnimationViewContext":{"__symbolic":"class","members":{"__ctor__":[{"__symbolic":"constructor","parameters":[{"__symbolic":"reference","module":"../animation/animation_queue","name":"AnimationQueue"}]}],"onAllActiveAnimationsDone":[{"__symbolic":"method"}],"queueAnimation":[{"__symbolic":"method"}],"getAnimationPlayers":[{"__symbolic":"method"}]}}}}]