[{"__symbolic":"module","version":3,"metadata":{"NoComponentFactoryError":{"__symbolic":"class","extends":{"__symbolic":"reference","module":"../facade/errors","name":"BaseError"},"members":{"__ctor__":[{"__symbolic":"constructor","parameters":[{"__symbolic":"reference","name":"Function"}]}]}},"ComponentFactoryResolver":{"__symbolic":"class","members":{"resolveComponentFactory":[{"__symbolic":"method"}]},"statics":{"NULL":{"__symbolic":"error","message":"Reference to non-exported class","line":26,"character":0,"context":{"className":"_NullComponentFactoryResolver"}}}},"CodegenComponentFactoryResolver":{"__symbolic":"class","members":{"__ctor__":[{"__symbolic":"constructor","parameters":[{"__symbolic":"reference","name":"Array","arguments":[{"__symbolic":"reference","module":"./component_factory","name":"ComponentFactory","arguments":[{"__symbolic":"reference","name":"any"}]}]},{"__symbolic":"reference","name":"ComponentFactoryResolver"}]}],"resolveComponentFactory":[{"__symbolic":"method"}]}}}},{"__symbolic":"module","version":1,"metadata":{"NoComponentFactoryError":{"__symbolic":"class","extends":{"__symbolic":"reference","module":"../facade/errors","name":"BaseError"},"members":{"__ctor__":[{"__symbolic":"constructor","parameters":[{"__symbolic":"reference","name":"Function"}]}]}},"ComponentFactoryResolver":{"__symbolic":"class","members":{"resolveComponentFactory":[{"__symbolic":"method"}]},"statics":{"NULL":{"__symbolic":"error","message":"Reference to non-exported class","line":26,"character":0,"context":{"className":"_NullComponentFactoryResolver"}}}},"CodegenComponentFactoryResolver":{"__symbolic":"class","members":{"__ctor__":[{"__symbolic":"constructor","parameters":[{"__symbolic":"reference","name":"Array","arguments":[{"__symbolic":"reference","module":"./component_factory","name":"ComponentFactory","arguments":[{"__symbolic":"reference","name":"any"}]}]},{"__symbolic":"reference","name":"ComponentFactoryResolver"}]}],"resolveComponentFactory":[{"__symbolic":"method"}]}}}}]