[{"__symbolic":"module","version":3,"metadata":{"ComponentStillLoadingError":{"__symbolic":"class","extends":{"__symbolic":"reference","module":"../facade/errors","name":"BaseError"},"members":{"__ctor__":[{"__symbolic":"constructor","parameters":[{"__symbolic":"reference","module":"../type","name":"Type","arguments":[{"__symbolic":"reference","name":"any"}]}]}]}},"ModuleWithComponentFactories":{"__symbolic":"class","members":{"__ctor__":[{"__symbolic":"constructor","parameters":[{"__symbolic":"reference","module":"./ng_module_factory","name":"NgModuleFactory","arguments":[{"__symbolic":"error","message":"Could not resolve type","line":37,"character":46,"context":{"typeName":"T"}}]},{"__symbolic":"reference","name":"Array","arguments":[{"__symbolic":"reference","module":"./component_factory","name":"ComponentFactory","arguments":[{"__symbolic":"reference","name":"any"}]}]}]}]}},"Compiler":{"__symbolic":"class","decorators":[{"__symbolic":"call","expression":{"__symbolic":"reference","module":"../di","name":"Injectable"}}],"members":{"compileModuleSync":[{"__symbolic":"method"}],"compileModuleAsync":[{"__symbolic":"method"}],"compileModuleAndAllComponentsSync":[{"__symbolic":"method"}],"compileModuleAndAllComponentsAsync":[{"__symbolic":"method"}],"getNgContentSelectors":[{"__symbolic":"method"}],"clearCache":[{"__symbolic":"method"}],"clearCacheFor":[{"__symbolic":"method"}]}},"COMPILER_OPTIONS":{"__symbolic":"new","expression":{"__symbolic":"reference","module":"../di","name":"OpaqueToken"},"arguments":["compilerOptions"]},"CompilerFactory":{"__symbolic":"class","members":{"createCompiler":[{"__symbolic":"method"}]}}}},{"__symbolic":"module","version":1,"metadata":{"ComponentStillLoadingError":{"__symbolic":"class","extends":{"__symbolic":"reference","module":"../facade/errors","name":"BaseError"},"members":{"__ctor__":[{"__symbolic":"constructor","parameters":[{"__symbolic":"reference","module":"../type","name":"Type","arguments":[{"__symbolic":"reference","name":"any"}]}]}]}},"ModuleWithComponentFactories":{"__symbolic":"class","members":{"__ctor__":[{"__symbolic":"constructor","parameters":[{"__symbolic":"reference","module":"./ng_module_factory","name":"NgModuleFactory","arguments":[{"__symbolic":"error","message":"Could not resolve type","line":37,"character":46,"context":{"typeName":"T"}}]},{"__symbolic":"reference","name":"Array","arguments":[{"__symbolic":"reference","module":"./component_factory","name":"ComponentFactory","arguments":[{"__symbolic":"reference","name":"any"}]}]}]}]}},"Compiler":{"__symbolic":"class","decorators":[{"__symbolic":"call","expression":{"__symbolic":"reference","module":"../di","name":"Injectable"}}],"members":{"compileModuleSync":[{"__symbolic":"method"}],"compileModuleAsync":[{"__symbolic":"method"}],"compileModuleAndAllComponentsSync":[{"__symbolic":"method"}],"compileModuleAndAllComponentsAsync":[{"__symbolic":"method"}],"getNgContentSelectors":[{"__symbolic":"method"}],"clearCache":[{"__symbolic":"method"}],"clearCacheFor":[{"__symbolic":"method"}]}},"COMPILER_OPTIONS":{"__symbolic":"new","expression":{"__symbolic":"reference","module":"../di","name":"OpaqueToken"},"arguments":["compilerOptions"]},"CompilerFactory":{"__symbolic":"class","members":{"createCompiler":[{"__symbolic":"method"}]}}}}]