[{"__symbolic":"module","version":3,"metadata":{"ComponentRef":{"__symbolic":"class","members":{"destroy":[{"__symbolic":"method"}],"onDestroy":[{"__symbolic":"method"}]}},"ComponentRef_":{"__symbolic":"class","extends":{"__symbolic":"reference","name":"ComponentRef"},"members":{"__ctor__":[{"__symbolic":"constructor","parameters":[{"__symbolic":"reference","name":"number"},{"__symbolic":"reference","module":"./view","name":"AppView","arguments":[{"__symbolic":"reference","name":"any"}]},{"__symbolic":"reference","name":"any"},{"__symbolic":"error","message":"Could not resolve type","line":74,"character":26,"context":{"typeName":"C"}}]}],"destroy":[{"__symbolic":"method"}],"onDestroy":[{"__symbolic":"method"}]}},"ComponentFactory":{"__symbolic":"class","members":{"__ctor__":[{"__symbolic":"constructor","parameters":[{"__symbolic":"reference","name":"string"},{"__symbolic":"reference","module":"../type","name":"Type","arguments":[{"__symbolic":"reference","name":"any"}]},{"__symbolic":"reference","module":"../type","name":"Type","arguments":[{"__symbolic":"reference","name":"any"}]}]}],"create":[{"__symbolic":"method"}]}}}},{"__symbolic":"module","version":1,"metadata":{"ComponentRef":{"__symbolic":"class","members":{"destroy":[{"__symbolic":"method"}],"onDestroy":[{"__symbolic":"method"}]}},"ComponentRef_":{"__symbolic":"class","extends":{"__symbolic":"reference","name":"ComponentRef"},"members":{"__ctor__":[{"__symbolic":"constructor","parameters":[{"__symbolic":"reference","name":"number"},{"__symbolic":"reference","module":"./view","name":"AppView","arguments":[{"__symbolic":"reference","name":"any"}]},{"__symbolic":"reference","name":"any"},{"__symbolic":"error","message":"Could not resolve type","line":74,"character":26,"context":{"typeName":"C"}}]}],"destroy":[{"__symbolic":"method"}],"onDestroy":[{"__symbolic":"method"}]}},"ComponentFactory":{"__symbolic":"class","members":{"__ctor__":[{"__symbolic":"constructor","parameters":[{"__symbolic":"reference","name":"string"},{"__symbolic":"reference","module":"../type","name":"Type","arguments":[{"__symbolic":"reference","name":"any"}]},{"__symbolic":"reference","module":"../type","name":"Type","arguments":[{"__symbolic":"reference","name":"any"}]}]}],"create":[{"__symbolic":"method"}]}}}}]