[{"__symbolic":"module","version":3,"metadata":{"StaticNodeDebugInfo":{"__symbolic":"class","members":{"__ctor__":[{"__symbolic":"constructor","parameters":[{"__symbolic":"reference","name":"Array","arguments":[{"__symbolic":"reference","name":"any"}]},{"__symbolic":"reference","name":"any"},{"__symbolic":"error","message":"Expression form not supported","line":19,"character":24}]}]}},"DebugContext":{"__symbolic":"class","members":{"__ctor__":[{"__symbolic":"constructor","parameters":[{"__symbolic":"reference","module":"./view","name":"DebugAppView","arguments":[{"__symbolic":"reference","name":"any"}]},{"__symbolic":"reference","name":"number"},{"__symbolic":"reference","name":"number"},{"__symbolic":"reference","name":"number"}]}]}}}},{"__symbolic":"module","version":1,"metadata":{"StaticNodeDebugInfo":{"__symbolic":"class","members":{"__ctor__":[{"__symbolic":"constructor","parameters":[{"__symbolic":"reference","name":"Array","arguments":[{"__symbolic":"reference","name":"any"}]},{"__symbolic":"reference","name":"any"},{"__symbolic":"error","message":"Expression form not supported","line":19,"character":24}]}]}},"DebugContext":{"__symbolic":"class","members":{"__ctor__":[{"__symbolic":"constructor","parameters":[{"__symbolic":"reference","module":"./view","name":"DebugAppView","arguments":[{"__symbolic":"reference","name":"any"}]},{"__symbolic":"reference","name":"number"},{"__symbolic":"reference","name":"number"},{"__symbolic":"reference","name":"number"}]}]}}}}]