[{"__symbolic":"module","version":3,"metadata":{"ElementInjector":{"__symbolic":"class","extends":{"__symbolic":"reference","module":"../di/injector","name":"Injector"},"members":{"__ctor__":[{"__symbolic":"constructor","parameters":[{"__symbolic":"reference","module":"./view","name":"AppView","arguments":[{"__symbolic":"reference","name":"any"}]},{"__symbolic":"reference","name":"number"}]}],"get":[{"__symbolic":"method"}]}}}},{"__symbolic":"module","version":1,"metadata":{"ElementInjector":{"__symbolic":"class","extends":{"__symbolic":"reference","module":"../di/injector","name":"Injector"},"members":{"__ctor__":[{"__symbolic":"constructor","parameters":[{"__symbolic":"reference","module":"./view","name":"AppView","arguments":[{"__symbolic":"reference","name":"any"}]},{"__symbolic":"reference","name":"number"}]}],"get":[{"__symbolic":"method"}]}}}}]