[{"__symbolic":"module","version":3,"metadata":{"ExpressionChangedAfterItHasBeenCheckedError":{"__symbolic":"class","extends":{"__symbolic":"reference","module":"../facade/errors","name":"BaseError"},"members":{"__ctor__":[{"__symbolic":"constructor","parameters":[{"__symbolic":"reference","name":"any"},{"__symbolic":"reference","name":"any"}]}]}},"ViewWrappedError":{"__symbolic":"class","extends":{"__symbolic":"reference","module":"../facade/errors","name":"WrappedError"},"members":{"__ctor__":[{"__symbolic":"constructor","parameters":[{"__symbolic":"reference","name":"any"},{"__symbolic":"reference","module":"./debug_context","name":"DebugContext"}]}]}},"ViewDestroyedError":{"__symbolic":"class","extends":{"__symbolic":"reference","module":"../facade/errors","name":"BaseError"},"members":{"__ctor__":[{"__symbolic":"constructor","parameters":[{"__symbolic":"reference","name":"string"}]}]}}}},{"__symbolic":"module","version":1,"metadata":{"ExpressionChangedAfterItHasBeenCheckedError":{"__symbolic":"class","extends":{"__symbolic":"reference","module":"../facade/errors","name":"BaseError"},"members":{"__ctor__":[{"__symbolic":"constructor","parameters":[{"__symbolic":"reference","name":"any"},{"__symbolic":"reference","name":"any"}]}]}},"ViewWrappedError":{"__symbolic":"class","extends":{"__symbolic":"reference","module":"../facade/errors","name":"WrappedError"},"members":{"__ctor__":[{"__symbolic":"constructor","parameters":[{"__symbolic":"reference","name":"any"},{"__symbolic":"reference","module":"./debug_context","name":"DebugContext"}]}]}},"ViewDestroyedError":{"__symbolic":"class","extends":{"__symbolic":"reference","module":"../facade/errors","name":"BaseError"},"members":{"__ctor__":[{"__symbolic":"constructor","parameters":[{"__symbolic":"reference","name":"string"}]}]}}}}]