[{"__symbolic":"module","version":3,"metadata":{"NgModuleFactoryLoader":{"__symbolic":"class","members":{"load":[{"__symbolic":"method"}]}},"registerModuleFactory":{"__symbolic":"function"},"clearModulesForTest":{"__symbolic":"function"},"getModuleFactory":{"__symbolic":"function"}}},{"__symbolic":"module","version":1,"metadata":{"NgModuleFactoryLoader":{"__symbolic":"class","members":{"load":[{"__symbolic":"method"}]}},"registerModuleFactory":{"__symbolic":"function"},"clearModulesForTest":{"__symbolic":"function"},"getModuleFactory":{"__symbolic":"function"}}}]