[{"__symbolic":"module","version":3,"metadata":{"NgModuleRef":{"__symbolic":"class","members":{"destroy":[{"__symbolic":"method"}],"onDestroy":[{"__symbolic":"method"}]}},"NgModuleFactory":{"__symbolic":"class","members":{"__ctor__":[{"__symbolic":"constructor","parameters":[{"__symbolic":"error","message":"Expression form not supported","line":58,"character":30},{"__symbolic":"reference","module":"../type","name":"Type","arguments":[{"__symbolic":"error","message":"Could not resolve type","line":59,"character":32,"context":{"typeName":"T"}}]}]}],"create":[{"__symbolic":"method"}]}},"NgModuleInjector":{"__symbolic":"class","extends":{"__symbolic":"reference","module":"./component_factory_resolver","name":"CodegenComponentFactoryResolver"},"members":{"__ctor__":[{"__symbolic":"constructor","parameters":[{"__symbolic":"reference","module":"../di/injector","name":"Injector"},{"__symbolic":"reference","name":"Array","arguments":[{"__symbolic":"reference","module":"./component_factory","name":"ComponentFactory","arguments":[{"__symbolic":"reference","name":"any"}]}]},{"__symbolic":"reference","name":"Array","arguments":[{"__symbolic":"reference","module":"./component_factory","name":"ComponentFactory","arguments":[{"__symbolic":"reference","name":"any"}]}]}]}],"create":[{"__symbolic":"method"}],"createInternal":[{"__symbolic":"method"}],"get":[{"__symbolic":"method"}],"getInternal":[{"__symbolic":"method"}],"destroy":[{"__symbolic":"method"}],"onDestroy":[{"__symbolic":"method"}],"destroyInternal":[{"__symbolic":"method"}]}}}},{"__symbolic":"module","version":1,"metadata":{"NgModuleRef":{"__symbolic":"class","members":{"destroy":[{"__symbolic":"method"}],"onDestroy":[{"__symbolic":"method"}]}},"NgModuleFactory":{"__symbolic":"class","members":{"__ctor__":[{"__symbolic":"constructor","parameters":[{"__symbolic":"error","message":"Expression form not supported","line":58,"character":30},{"__symbolic":"reference","module":"../type","name":"Type","arguments":[{"__symbolic":"error","message":"Could not resolve type","line":59,"character":32,"context":{"typeName":"T"}}]}]}],"create":[{"__symbolic":"method"}]}},"NgModuleInjector":{"__symbolic":"class","extends":{"__symbolic":"reference","module":"./component_factory_resolver","name":"CodegenComponentFactoryResolver"},"members":{"__ctor__":[{"__symbolic":"constructor","parameters":[{"__symbolic":"reference","module":"../di/injector","name":"Injector"},{"__symbolic":"reference","name":"Array","arguments":[{"__symbolic":"reference","module":"./component_factory","name":"ComponentFactory","arguments":[{"__symbolic":"reference","name":"any"}]}]},{"__symbolic":"reference","name":"Array","arguments":[{"__symbolic":"reference","module":"./component_factory","name":"ComponentFactory","arguments":[{"__symbolic":"reference","name":"any"}]}]}]}],"create":[{"__symbolic":"method"}],"createInternal":[{"__symbolic":"method"}],"get":[{"__symbolic":"method"}],"getInternal":[{"__symbolic":"method"}],"destroy":[{"__symbolic":"method"}],"onDestroy":[{"__symbolic":"method"}],"destroyInternal":[{"__symbolic":"method"}]}}}}]