[{"__symbolic":"module","version":3,"metadata":{"QueryList":{"__symbolic":"class","members":{"map":[{"__symbolic":"method"}],"filter":[{"__symbolic":"method"}],"find":[{"__symbolic":"method"}],"reduce":[{"__symbolic":"method"}],"forEach":[{"__symbolic":"method"}],"some":[{"__symbolic":"method"}],"toArray":[{"__symbolic":"method"}],"toString":[{"__symbolic":"method"}],"reset":[{"__symbolic":"method"}],"notifyOnChanges":[{"__symbolic":"method"}],"setDirty":[{"__symbolic":"method"}]}}}},{"__symbolic":"module","version":1,"metadata":{"QueryList":{"__symbolic":"class","members":{"map":[{"__symbolic":"method"}],"filter":[{"__symbolic":"method"}],"find":[{"__symbolic":"method"}],"reduce":[{"__symbolic":"method"}],"forEach":[{"__symbolic":"method"}],"some":[{"__symbolic":"method"}],"toArray":[{"__symbolic":"method"}],"toString":[{"__symbolic":"method"}],"reset":[{"__symbolic":"method"}],"notifyOnChanges":[{"__symbolic":"method"}],"setDirty":[{"__symbolic":"method"}]}}}}]