[{"__symbolic":"module","version":3,"metadata":{"TemplateRef":{"__symbolic":"class","members":{"createEmbeddedView":[{"__symbolic":"method"}]}},"TemplateRef_":{"__symbolic":"class","extends":{"__symbolic":"reference","name":"TemplateRef"},"members":{"__ctor__":[{"__symbolic":"constructor","parameters":[{"__symbolic":"reference","module":"./view","name":"AppView","arguments":[{"__symbolic":"reference","name":"any"}]},{"__symbolic":"reference","name":"number"},{"__symbolic":"reference","name":"any"}]}],"createEmbeddedView":[{"__symbolic":"method"}]}}}},{"__symbolic":"module","version":1,"metadata":{"TemplateRef":{"__symbolic":"class","members":{"createEmbeddedView":[{"__symbolic":"method"}]}},"TemplateRef_":{"__symbolic":"class","extends":{"__symbolic":"reference","name":"TemplateRef"},"members":{"__ctor__":[{"__symbolic":"constructor","parameters":[{"__symbolic":"reference","module":"./view","name":"AppView","arguments":[{"__symbolic":"reference","name":"any"}]},{"__symbolic":"reference","name":"number"},{"__symbolic":"reference","name":"any"}]}],"createEmbeddedView":[{"__symbolic":"method"}]}}}}]