[{"__symbolic":"module","version":3,"metadata":{"ViewUtils":{"__symbolic":"class","decorators":[{"__symbolic":"call","expression":{"__symbolic":"reference","module":"../di","name":"Injectable"}}],"members":{"__ctor__":[{"__symbolic":"constructor","parameters":[{"__symbolic":"reference","module":"../render/api","name":"RootRenderer"},{"__symbolic":"reference","module":"../security","name":"Sanitizer"},{"__symbolic":"reference","module":"../animation/animation_queue","name":"AnimationQueue"}]}],"renderComponent":[{"__symbolic":"method"}]}},"createRenderComponentType":{"__symbolic":"function","parameters":["templateUrl","slotCount","encapsulation","styles","animations"],"value":{"__symbolic":"error","message":"Expression form not supported","line":45,"character":6}},"addToArray":{"__symbolic":"function"},"interpolate":{"__symbolic":"function"},"inlineInterpolate":{"__symbolic":"function"},"checkBinding":{"__symbolic":"function"},"castByValue":{"__symbolic":"function","parameters":["input","value"],"value":{"__symbolic":"reference","name":"input"}},"EMPTY_ARRAY":[],"EMPTY_MAP":{},"pureProxy1":{"__symbolic":"function"},"pureProxy2":{"__symbolic":"function"},"pureProxy3":{"__symbolic":"function"},"pureProxy4":{"__symbolic":"function"},"pureProxy5":{"__symbolic":"function"},"pureProxy6":{"__symbolic":"function"},"pureProxy7":{"__symbolic":"function"},"pureProxy8":{"__symbolic":"function"},"pureProxy9":{"__symbolic":"function"},"pureProxy10":{"__symbolic":"function"},"setBindingDebugInfoForChanges":{"__symbolic":"function"},"setBindingDebugInfo":{"__symbolic":"function"},"createRenderElement":{"__symbolic":"function"},"selectOrCreateRenderHostElement":{"__symbolic":"function"},"subscribeToRenderElement":{"__symbolic":"function"},"noop":{"__symbolic":"function"},"InlineArray2":{"__symbolic":"class","members":{"__ctor__":[{"__symbolic":"constructor","parameters":[{"__symbolic":"reference","name":"number"},{"__symbolic":"error","message":"Could not resolve type","line":431,"character":51,"context":{"typeName":"T"}},{"__symbolic":"error","message":"Could not resolve type","line":431,"character":68,"context":{"typeName":"T"}}]}],"get":[{"__symbolic":"method"}],"set":[{"__symbolic":"method"}]}},"InlineArray4":{"__symbolic":"class","members":{"__ctor__":[{"__symbolic":"constructor","parameters":[{"__symbolic":"reference","name":"number"},{"__symbolic":"error","message":"Could not resolve type","line":456,"character":43,"context":{"typeName":"T"}},{"__symbolic":"error","message":"Could not resolve type","line":456,"character":60,"context":{"typeName":"T"}},{"__symbolic":"error","message":"Could not resolve type","line":456,"character":77,"context":{"typeName":"T"}},{"__symbolic":"error","message":"Could not resolve type","line":456,"character":94,"context":{"typeName":"T"}}]}],"get":[{"__symbolic":"method"}],"set":[{"__symbolic":"method"}]}},"InlineArray8":{"__symbolic":"class","members":{"__ctor__":[{"__symbolic":"constructor","parameters":[{"__symbolic":"reference","name":"number"},{"__symbolic":"error","message":"Could not resolve type","line":491,"character":43,"context":{"typeName":"T"}},{"__symbolic":"error","message":"Could not resolve type","line":491,"character":60,"context":{"typeName":"T"}},{"__symbolic":"error","message":"Could not resolve type","line":491,"character":77,"context":{"typeName":"T"}},{"__symbolic":"error","message":"Could not resolve type","line":491,"character":94,"context":{"typeName":"T"}},{"__symbolic":"error","message":"Could not resolve type","line":492,"character":20,"context":{"typeName":"T"}},{"__symbolic":"error","message":"Could not resolve type","line":492,"character":37,"context":{"typeName":"T"}},{"__symbolic":"error","message":"Could not resolve type","line":492,"character":54,"context":{"typeName":"T"}},{"__symbolic":"error","message":"Could not resolve type","line":492,"character":71,"context":{"typeName":"T"}}]}],"get":[{"__symbolic":"method"}],"set":[{"__symbolic":"method"}]}},"InlineArray16":{"__symbolic":"class","members":{"__ctor__":[{"__symbolic":"constructor","parameters":[{"__symbolic":"reference","name":"number"},{"__symbolic":"error","message":"Could not resolve type","line":547,"character":43,"context":{"typeName":"T"}},{"__symbolic":"error","message":"Could not resolve type","line":547,"character":60,"context":{"typeName":"T"}},{"__symbolic":"error","message":"Could not resolve type","line":547,"character":77,"context":{"typeName":"T"}},{"__symbolic":"error","message":"Could not resolve type","line":547,"character":94,"context":{"typeName":"T"}},{"__symbolic":"error","message":"Could not resolve type","line":548,"character":20,"context":{"typeName":"T"}},{"__symbolic":"error","message":"Could not resolve type","line":548,"character":37,"context":{"typeName":"T"}},{"__symbolic":"error","message":"Could not resolve type","line":548,"character":54,"context":{"typeName":"T"}},{"__symbolic":"error","message":"Could not resolve type","line":548,"character":71,"context":{"typeName":"T"}},{"__symbolic":"error","message":"Could not resolve type","line":548,"character":88,"context":{"typeName":"T"}},{"__symbolic":"error","message":"Could not resolve type","line":549,"character":20,"context":{"typeName":"T"}},{"__symbolic":"error","message":"Could not resolve type","line":549,"character":38,"context":{"typeName":"T"}},{"__symbolic":"error","message":"Could not resolve type","line":549,"character":56,"context":{"typeName":"T"}},{"__symbolic":"error","message":"Could not resolve type","line":549,"character":74,"context":{"typeName":"T"}},{"__symbolic":"error","message":"Could not resolve type","line":549,"character":92,"context":{"typeName":"T"}},{"__symbolic":"error","message":"Could not resolve type","line":550,"character":21,"context":{"typeName":"T"}},{"__symbolic":"error","message":"Could not resolve type","line":550,"character":39,"context":{"typeName":"T"}}]}],"get":[{"__symbolic":"method"}],"set":[{"__symbolic":"method"}]}},"InlineArrayDynamic":{"__symbolic":"class","members":{"__ctor__":[{"__symbolic":"constructor","parameters":[{"__symbolic":"reference","name":"number"},{"__symbolic":"reference","name":"Array","arguments":[{"__symbolic":"reference","name":"any"}]}]}],"get":[{"__symbolic":"method"}],"set":[{"__symbolic":"method"}]}},"EMPTY_INLINE_ARRAY":{"__symbolic":"error","message":"Reference to non-exported class","line":424,"character":0,"context":{"className":"InlineArray0"}}}},{"__symbolic":"module","version":1,"metadata":{"ViewUtils":{"__symbolic":"class","decorators":[{"__symbolic":"call","expression":{"__symbolic":"reference","module":"../di","name":"Injectable"}}],"members":{"__ctor__":[{"__symbolic":"constructor","parameters":[{"__symbolic":"reference","module":"../render/api","name":"RootRenderer"},{"__symbolic":"reference","module":"../security","name":"Sanitizer"},{"__symbolic":"reference","module":"../animation/animation_queue","name":"AnimationQueue"}]}],"renderComponent":[{"__symbolic":"method"}]}},"createRenderComponentType":{"__symbolic":"function","parameters":["templateUrl","slotCount","encapsulation","styles","animations"],"value":{"__symbolic":"error","message":"Expression form not supported","line":45,"character":6}},"addToArray":{"__symbolic":"function"},"interpolate":{"__symbolic":"function"},"inlineInterpolate":{"__symbolic":"function"},"checkBinding":{"__symbolic":"function"},"castByValue":{"__symbolic":"function","parameters":["input","value"],"value":{"__symbolic":"reference","name":"input"}},"EMPTY_ARRAY":[],"EMPTY_MAP":{},"pureProxy1":{"__symbolic":"function"},"pureProxy2":{"__symbolic":"function"},"pureProxy3":{"__symbolic":"function"},"pureProxy4":{"__symbolic":"function"},"pureProxy5":{"__symbolic":"function"},"pureProxy6":{"__symbolic":"function"},"pureProxy7":{"__symbolic":"function"},"pureProxy8":{"__symbolic":"function"},"pureProxy9":{"__symbolic":"function"},"pureProxy10":{"__symbolic":"function"},"setBindingDebugInfoForChanges":{"__symbolic":"function"},"setBindingDebugInfo":{"__symbolic":"function"},"createRenderElement":{"__symbolic":"function"},"selectOrCreateRenderHostElement":{"__symbolic":"function"},"subscribeToRenderElement":{"__symbolic":"function"},"noop":{"__symbolic":"function"},"InlineArray2":{"__symbolic":"class","members":{"__ctor__":[{"__symbolic":"constructor","parameters":[{"__symbolic":"reference","name":"number"},{"__symbolic":"error","message":"Could not resolve type","line":431,"character":51,"context":{"typeName":"T"}},{"__symbolic":"error","message":"Could not resolve type","line":431,"character":68,"context":{"typeName":"T"}}]}],"get":[{"__symbolic":"method"}],"set":[{"__symbolic":"method"}]}},"InlineArray4":{"__symbolic":"class","members":{"__ctor__":[{"__symbolic":"constructor","parameters":[{"__symbolic":"reference","name":"number"},{"__symbolic":"error","message":"Could not resolve type","line":456,"character":43,"context":{"typeName":"T"}},{"__symbolic":"error","message":"Could not resolve type","line":456,"character":60,"context":{"typeName":"T"}},{"__symbolic":"error","message":"Could not resolve type","line":456,"character":77,"context":{"typeName":"T"}},{"__symbolic":"error","message":"Could not resolve type","line":456,"character":94,"context":{"typeName":"T"}}]}],"get":[{"__symbolic":"method"}],"set":[{"__symbolic":"method"}]}},"InlineArray8":{"__symbolic":"class","members":{"__ctor__":[{"__symbolic":"constructor","parameters":[{"__symbolic":"reference","name":"number"},{"__symbolic":"error","message":"Could not resolve type","line":491,"character":43,"context":{"typeName":"T"}},{"__symbolic":"error","message":"Could not resolve type","line":491,"character":60,"context":{"typeName":"T"}},{"__symbolic":"error","message":"Could not resolve type","line":491,"character":77,"context":{"typeName":"T"}},{"__symbolic":"error","message":"Could not resolve type","line":491,"character":94,"context":{"typeName":"T"}},{"__symbolic":"error","message":"Could not resolve type","line":492,"character":20,"context":{"typeName":"T"}},{"__symbolic":"error","message":"Could not resolve type","line":492,"character":37,"context":{"typeName":"T"}},{"__symbolic":"error","message":"Could not resolve type","line":492,"character":54,"context":{"typeName":"T"}},{"__symbolic":"error","message":"Could not resolve type","line":492,"character":71,"context":{"typeName":"T"}}]}],"get":[{"__symbolic":"method"}],"set":[{"__symbolic":"method"}]}},"InlineArray16":{"__symbolic":"class","members":{"__ctor__":[{"__symbolic":"constructor","parameters":[{"__symbolic":"reference","name":"number"},{"__symbolic":"error","message":"Could not resolve type","line":547,"character":43,"context":{"typeName":"T"}},{"__symbolic":"error","message":"Could not resolve type","line":547,"character":60,"context":{"typeName":"T"}},{"__symbolic":"error","message":"Could not resolve type","line":547,"character":77,"context":{"typeName":"T"}},{"__symbolic":"error","message":"Could not resolve type","line":547,"character":94,"context":{"typeName":"T"}},{"__symbolic":"error","message":"Could not resolve type","line":548,"character":20,"context":{"typeName":"T"}},{"__symbolic":"error","message":"Could not resolve type","line":548,"character":37,"context":{"typeName":"T"}},{"__symbolic":"error","message":"Could not resolve type","line":548,"character":54,"context":{"typeName":"T"}},{"__symbolic":"error","message":"Could not resolve type","line":548,"character":71,"context":{"typeName":"T"}},{"__symbolic":"error","message":"Could not resolve type","line":548,"character":88,"context":{"typeName":"T"}},{"__symbolic":"error","message":"Could not resolve type","line":549,"character":20,"context":{"typeName":"T"}},{"__symbolic":"error","message":"Could not resolve type","line":549,"character":38,"context":{"typeName":"T"}},{"__symbolic":"error","message":"Could not resolve type","line":549,"character":56,"context":{"typeName":"T"}},{"__symbolic":"error","message":"Could not resolve type","line":549,"character":74,"context":{"typeName":"T"}},{"__symbolic":"error","message":"Could not resolve type","line":549,"character":92,"context":{"typeName":"T"}},{"__symbolic":"error","message":"Could not resolve type","line":550,"character":21,"context":{"typeName":"T"}},{"__symbolic":"error","message":"Could not resolve type","line":550,"character":39,"context":{"typeName":"T"}}]}],"get":[{"__symbolic":"method"}],"set":[{"__symbolic":"method"}]}},"InlineArrayDynamic":{"__symbolic":"class","members":{"__ctor__":[{"__symbolic":"constructor","parameters":[{"__symbolic":"reference","name":"number"},{"__symbolic":"reference","name":"Array","arguments":[{"__symbolic":"reference","name":"any"}]}]}],"get":[{"__symbolic":"method"}],"set":[{"__symbolic":"method"}]}},"EMPTY_INLINE_ARRAY":{"__symbolic":"error","message":"Reference to non-exported class","line":424,"character":0,"context":{"className":"InlineArray0"}}}}]