[{"__symbolic":"module","version":3,"metadata":{"ViewContainer":{"__symbolic":"class","members":{"__ctor__":[{"__symbolic":"constructor","parameters":[{"__symbolic":"reference","name":"number"},{"__symbolic":"reference","name":"number"},{"__symbolic":"reference","module":"./view","name":"AppView","arguments":[{"__symbolic":"reference","name":"any"}]},{"__symbolic":"reference","name":"any"}]}],"detectChangesInNestedViews":[{"__symbolic":"method"}],"destroyNestedViews":[{"__symbolic":"method"}],"visitNestedViewRootNodes":[{"__symbolic":"method"}],"mapNestedViews":[{"__symbolic":"method"}],"moveView":[{"__symbolic":"method"}],"attachView":[{"__symbolic":"method"}],"detachView":[{"__symbolic":"method"}]}}}},{"__symbolic":"module","version":1,"metadata":{"ViewContainer":{"__symbolic":"class","members":{"__ctor__":[{"__symbolic":"constructor","parameters":[{"__symbolic":"reference","name":"number"},{"__symbolic":"reference","name":"number"},{"__symbolic":"reference","module":"./view","name":"AppView","arguments":[{"__symbolic":"reference","name":"any"}]},{"__symbolic":"reference","name":"any"}]}],"detectChangesInNestedViews":[{"__symbolic":"method"}],"destroyNestedViews":[{"__symbolic":"method"}],"visitNestedViewRootNodes":[{"__symbolic":"method"}],"mapNestedViews":[{"__symbolic":"method"}],"moveView":[{"__symbolic":"method"}],"attachView":[{"__symbolic":"method"}],"detachView":[{"__symbolic":"method"}]}}}}]