[{"__symbolic":"module","version":3,"metadata":{"ViewContainerRef":{"__symbolic":"class","members":{"clear":[{"__symbolic":"method"}],"get":[{"__symbolic":"method"}],"createEmbeddedView":[{"__symbolic":"method"}],"createComponent":[{"__symbolic":"method"}],"insert":[{"__symbolic":"method"}],"move":[{"__symbolic":"method"}],"indexOf":[{"__symbolic":"method"}],"remove":[{"__symbolic":"method"}],"detach":[{"__symbolic":"method"}]}},"ViewContainerRef_":{"__symbolic":"class","members":{"__ctor__":[{"__symbolic":"constructor","parameters":[{"__symbolic":"reference","module":"./view_container","name":"ViewContainer"}]}],"get":[{"__symbolic":"method"}],"createEmbeddedView":[{"__symbolic":"method"}],"createComponent":[{"__symbolic":"method"}],"insert":[{"__symbolic":"method"}],"move":[{"__symbolic":"method"}],"indexOf":[{"__symbolic":"method"}],"remove":[{"__symbolic":"method"}],"detach":[{"__symbolic":"method"}],"clear":[{"__symbolic":"method"}]}}}},{"__symbolic":"module","version":1,"metadata":{"ViewContainerRef":{"__symbolic":"class","members":{"clear":[{"__symbolic":"method"}],"get":[{"__symbolic":"method"}],"createEmbeddedView":[{"__symbolic":"method"}],"createComponent":[{"__symbolic":"method"}],"insert":[{"__symbolic":"method"}],"move":[{"__symbolic":"method"}],"indexOf":[{"__symbolic":"method"}],"remove":[{"__symbolic":"method"}],"detach":[{"__symbolic":"method"}]}},"ViewContainerRef_":{"__symbolic":"class","members":{"__ctor__":[{"__symbolic":"constructor","parameters":[{"__symbolic":"reference","module":"./view_container","name":"ViewContainer"}]}],"get":[{"__symbolic":"method"}],"createEmbeddedView":[{"__symbolic":"method"}],"createComponent":[{"__symbolic":"method"}],"insert":[{"__symbolic":"method"}],"move":[{"__symbolic":"method"}],"indexOf":[{"__symbolic":"method"}],"remove":[{"__symbolic":"method"}],"detach":[{"__symbolic":"method"}],"clear":[{"__symbolic":"method"}]}}}}]