[{"__symbolic":"module","version":3,"metadata":{"AppView":{"__symbolic":"class","members":{"__ctor__":[{"__symbolic":"constructor","parameters":[{"__symbolic":"reference","name":"any"},{"__symbolic":"reference","module":"../render/api","name":"RenderComponentType"},{"__symbolic":"reference","module":"./view_type","name":"ViewType"},{"__symbolic":"reference","module":"./view_utils","name":"ViewUtils"},{"__symbolic":"reference","name":"AppView","arguments":[{"__symbolic":"reference","name":"any"}]},{"__symbolic":"reference","name":"number"},{"__symbolic":"reference","name":"any"},{"__symbolic":"reference","module":"../change_detection/change_detection","name":"ChangeDetectorStatus"},{"__symbolic":"reference","module":"./view_container","name":"ViewContainer"}]}],"create":[{"__symbolic":"method"}],"createHostView":[{"__symbolic":"method"}],"createInternal":[{"__symbolic":"method"}],"createEmbeddedViewInternal":[{"__symbolic":"method"}],"init":[{"__symbolic":"method"}],"injectorGet":[{"__symbolic":"method"}],"injectorGetInternal":[{"__symbolic":"method"}],"injector":[{"__symbolic":"method"}],"detachAndDestroy":[{"__symbolic":"method"}],"destroy":[{"__symbolic":"method"}],"destroyInternal":[{"__symbolic":"method"}],"detachInternal":[{"__symbolic":"method"}],"detach":[{"__symbolic":"method"}],"_renderDetach":[{"__symbolic":"method"}],"attachToAppRef":[{"__symbolic":"method"}],"attachAfter":[{"__symbolic":"method"}],"moveAfter":[{"__symbolic":"method"}],"_renderAttach":[{"__symbolic":"method"}],"projectNodes":[{"__symbolic":"method"}],"visitProjectedNodes":[{"__symbolic":"method"}],"visitRootNodesInternal":[{"__symbolic":"method"}],"visitProjectableNodesInternal":[{"__symbolic":"method"}],"dirtyParentQueriesInternal":[{"__symbolic":"method"}],"internalDetectChanges":[{"__symbolic":"method"}],"detectChanges":[{"__symbolic":"method"}],"detectChangesInternal":[{"__symbolic":"method"}],"markAsCheckOnce":[{"__symbolic":"method"}],"markPathToRootAsCheckOnce":[{"__symbolic":"method"}],"eventHandler":[{"__symbolic":"method"}],"throwDestroyedError":[{"__symbolic":"method"}]}},"DebugAppView":{"__symbolic":"class","extends":{"__symbolic":"reference","name":"AppView","arguments":[{"__symbolic":"reference","name":"any"}]},"members":{"__ctor__":[{"__symbolic":"constructor","parameters":[{"__symbolic":"reference","name":"any"},{"__symbolic":"reference","module":"../render/api","name":"RenderComponentType"},{"__symbolic":"reference","module":"./view_type","name":"ViewType"},{"__symbolic":"reference","module":"./view_utils","name":"ViewUtils"},{"__symbolic":"reference","name":"AppView","arguments":[{"__symbolic":"reference","name":"any"}]},{"__symbolic":"reference","name":"number"},{"__symbolic":"reference","name":"any"},{"__symbolic":"reference","module":"../change_detection/change_detection","name":"ChangeDetectorStatus"},{"__symbolic":"reference","name":"Array","arguments":[{"__symbolic":"reference","module":"./debug_context","name":"StaticNodeDebugInfo"}]},{"__symbolic":"reference","module":"./view_container","name":"ViewContainer"}]}],"create":[{"__symbolic":"method"}],"createHostView":[{"__symbolic":"method"}],"injectorGet":[{"__symbolic":"method"}],"detach":[{"__symbolic":"method"}],"destroy":[{"__symbolic":"method"}],"detectChanges":[{"__symbolic":"method"}],"_resetDebug":[{"__symbolic":"method"}],"debug":[{"__symbolic":"method"}],"_rethrowWithContext":[{"__symbolic":"method"}],"eventHandler":[{"__symbolic":"method"}]}}}},{"__symbolic":"module","version":1,"metadata":{"AppView":{"__symbolic":"class","members":{"__ctor__":[{"__symbolic":"constructor","parameters":[{"__symbolic":"reference","name":"any"},{"__symbolic":"reference","module":"../render/api","name":"RenderComponentType"},{"__symbolic":"reference","module":"./view_type","name":"ViewType"},{"__symbolic":"reference","module":"./view_utils","name":"ViewUtils"},{"__symbolic":"reference","name":"AppView","arguments":[{"__symbolic":"reference","name":"any"}]},{"__symbolic":"reference","name":"number"},{"__symbolic":"reference","name":"any"},{"__symbolic":"reference","module":"../change_detection/change_detection","name":"ChangeDetectorStatus"},{"__symbolic":"reference","module":"./view_container","name":"ViewContainer"}]}],"create":[{"__symbolic":"method"}],"createHostView":[{"__symbolic":"method"}],"createInternal":[{"__symbolic":"method"}],"createEmbeddedViewInternal":[{"__symbolic":"method"}],"init":[{"__symbolic":"method"}],"injectorGet":[{"__symbolic":"method"}],"injectorGetInternal":[{"__symbolic":"method"}],"injector":[{"__symbolic":"method"}],"detachAndDestroy":[{"__symbolic":"method"}],"destroy":[{"__symbolic":"method"}],"destroyInternal":[{"__symbolic":"method"}],"detachInternal":[{"__symbolic":"method"}],"detach":[{"__symbolic":"method"}],"_renderDetach":[{"__symbolic":"method"}],"attachToAppRef":[{"__symbolic":"method"}],"attachAfter":[{"__symbolic":"method"}],"moveAfter":[{"__symbolic":"method"}],"_renderAttach":[{"__symbolic":"method"}],"projectNodes":[{"__symbolic":"method"}],"visitProjectedNodes":[{"__symbolic":"method"}],"visitRootNodesInternal":[{"__symbolic":"method"}],"visitProjectableNodesInternal":[{"__symbolic":"method"}],"dirtyParentQueriesInternal":[{"__symbolic":"method"}],"internalDetectChanges":[{"__symbolic":"method"}],"detectChanges":[{"__symbolic":"method"}],"detectChangesInternal":[{"__symbolic":"method"}],"markAsCheckOnce":[{"__symbolic":"method"}],"markPathToRootAsCheckOnce":[{"__symbolic":"method"}],"eventHandler":[{"__symbolic":"method"}],"throwDestroyedError":[{"__symbolic":"method"}]}},"DebugAppView":{"__symbolic":"class","extends":{"__symbolic":"reference","name":"AppView","arguments":[{"__symbolic":"reference","name":"any"}]},"members":{"__ctor__":[{"__symbolic":"constructor","parameters":[{"__symbolic":"reference","name":"any"},{"__symbolic":"reference","module":"../render/api","name":"RenderComponentType"},{"__symbolic":"reference","module":"./view_type","name":"ViewType"},{"__symbolic":"reference","module":"./view_utils","name":"ViewUtils"},{"__symbolic":"reference","name":"AppView","arguments":[{"__symbolic":"reference","name":"any"}]},{"__symbolic":"reference","name":"number"},{"__symbolic":"reference","name":"any"},{"__symbolic":"reference","module":"../change_detection/change_detection","name":"ChangeDetectorStatus"},{"__symbolic":"reference","name":"Array","arguments":[{"__symbolic":"reference","module":"./debug_context","name":"StaticNodeDebugInfo"}]},{"__symbolic":"reference","module":"./view_container","name":"ViewContainer"}]}],"create":[{"__symbolic":"method"}],"createHostView":[{"__symbolic":"method"}],"injectorGet":[{"__symbolic":"method"}],"detach":[{"__symbolic":"method"}],"destroy":[{"__symbolic":"method"}],"detectChanges":[{"__symbolic":"method"}],"_resetDebug":[{"__symbolic":"method"}],"debug":[{"__symbolic":"method"}],"_rethrowWithContext":[{"__symbolic":"method"}],"eventHandler":[{"__symbolic":"method"}]}}}}]