[{"__symbolic":"module","version":3,"metadata":{"ViewRef":{"__symbolic":"class","extends":{"__symbolic":"reference","module":"../change_detection/change_detector_ref","name":"ChangeDetectorRef"},"members":{"destroy":[{"__symbolic":"method"}],"onDestroy":[{"__symbolic":"method"}]}},"EmbeddedViewRef":{"__symbolic":"class","extends":{"__symbolic":"reference","name":"ViewRef"}},"ViewRef_":{"__symbolic":"class","members":{"__ctor__":[{"__symbolic":"constructor","parameters":[{"__symbolic":"reference","module":"./view","name":"AppView","arguments":[{"__symbolic":"error","message":"Could not resolve type","line":92,"character":37,"context":{"typeName":"C"}}]},{"__symbolic":"reference","module":"../animation/animation_queue","name":"AnimationQueue"}]}],"markForCheck":[{"__symbolic":"method"}],"detach":[{"__symbolic":"method"}],"detectChanges":[{"__symbolic":"method"}],"checkNoChanges":[{"__symbolic":"method"}],"reattach":[{"__symbolic":"method"}],"onDestroy":[{"__symbolic":"method"}],"destroy":[{"__symbolic":"method"}]}}}},{"__symbolic":"module","version":1,"metadata":{"ViewRef":{"__symbolic":"class","extends":{"__symbolic":"reference","module":"../change_detection/change_detector_ref","name":"ChangeDetectorRef"},"members":{"destroy":[{"__symbolic":"method"}],"onDestroy":[{"__symbolic":"method"}]}},"EmbeddedViewRef":{"__symbolic":"class","extends":{"__symbolic":"reference","name":"ViewRef"}},"ViewRef_":{"__symbolic":"class","members":{"__ctor__":[{"__symbolic":"constructor","parameters":[{"__symbolic":"reference","module":"./view","name":"AppView","arguments":[{"__symbolic":"error","message":"Could not resolve type","line":92,"character":37,"context":{"typeName":"C"}}]},{"__symbolic":"reference","module":"../animation/animation_queue","name":"AnimationQueue"}]}],"markForCheck":[{"__symbolic":"method"}],"detach":[{"__symbolic":"method"}],"detectChanges":[{"__symbolic":"method"}],"checkNoChanges":[{"__symbolic":"method"}],"reattach":[{"__symbolic":"method"}],"onDestroy":[{"__symbolic":"method"}],"destroy":[{"__symbolic":"method"}]}}}}]