[{"__symbolic":"module","version":3,"metadata":{"wtfEnabled":{"__symbolic":"call","expression":{"__symbolic":"reference","module":"./wtf_impl","name":"detectWTF"}},"wtfCreateScope":{"__symbolic":"if","condition":{"__symbolic":"reference","name":"wtfEnabled"},"thenExpression":{"__symbolic":"reference","module":"./wtf_impl","name":"createScope"},"elseExpression":{"__symbolic":"error","message":"Function call not supported","line":53,"character":31}},"wtfLeave":{"__symbolic":"if","condition":{"__symbolic":"reference","name":"wtfEnabled"},"thenExpression":{"__symbolic":"reference","module":"./wtf_impl","name":"leave"},"elseExpression":{"__symbolic":"error","message":"Function call not supported","line":65,"character":25}},"wtfStartTimeRange":{"__symbolic":"if","condition":{"__symbolic":"reference","name":"wtfEnabled"},"thenExpression":{"__symbolic":"reference","module":"./wtf_impl","name":"startTimeRange"},"elseExpression":{"__symbolic":"error","message":"Function call not supported","line":81,"character":34}},"wtfEndTimeRange":{"__symbolic":"if","condition":{"__symbolic":"reference","name":"wtfEnabled"},"thenExpression":{"__symbolic":"reference","module":"./wtf_impl","name":"endTimeRange"},"elseExpression":{"__symbolic":"error","message":"Function call not supported","line":89,"character":79}}},"exports":[{"from":"./wtf_impl","export":["WtfScopeFn"]}]},{"__symbolic":"module","version":1,"metadata":{"wtfEnabled":{"__symbolic":"call","expression":{"__symbolic":"reference","module":"./wtf_impl","name":"detectWTF"}},"wtfCreateScope":{"__symbolic":"if","condition":{"__symbolic":"reference","name":"wtfEnabled"},"thenExpression":{"__symbolic":"reference","module":"./wtf_impl","name":"createScope"},"elseExpression":{"__symbolic":"error","message":"Function call not supported","line":53,"character":31}},"wtfLeave":{"__symbolic":"if","condition":{"__symbolic":"reference","name":"wtfEnabled"},"thenExpression":{"__symbolic":"reference","module":"./wtf_impl","name":"leave"},"elseExpression":{"__symbolic":"error","message":"Function call not supported","line":65,"character":25}},"wtfStartTimeRange":{"__symbolic":"if","condition":{"__symbolic":"reference","name":"wtfEnabled"},"thenExpression":{"__symbolic":"reference","module":"./wtf_impl","name":"startTimeRange"},"elseExpression":{"__symbolic":"error","message":"Function call not supported","line":81,"character":34}},"wtfEndTimeRange":{"__symbolic":"if","condition":{"__symbolic":"reference","name":"wtfEnabled"},"thenExpression":{"__symbolic":"reference","module":"./wtf_impl","name":"endTimeRange"},"elseExpression":{"__symbolic":"error","message":"Function call not supported","line":89,"character":79}}},"exports":[{"from":"./wtf_impl","export":["WtfScopeFn"]}]}]