[{"__symbolic":"module","version":3,"metadata":{"detectWTF":{"__symbolic":"function"},"createScope":{"__symbolic":"function","parameters":["signature","flags"],"value":{"__symbolic":"error","message":"Reference to a local symbol","line":37,"character":4,"context":{"name":"events"}},"defaults":[null,null]},"leave":{"__symbolic":"function"},"startTimeRange":{"__symbolic":"function","parameters":["rangeType","action"],"value":{"__symbolic":"error","message":"Reference to a local symbol","line":36,"character":4,"context":{"name":"trace"}}},"endTimeRange":{"__symbolic":"function"}}},{"__symbolic":"module","version":1,"metadata":{"detectWTF":{"__symbolic":"function"},"createScope":{"__symbolic":"function","parameters":["signature","flags"],"value":{"__symbolic":"error","message":"Reference to a local symbol","line":37,"character":4,"context":{"name":"events"}},"defaults":[null,null]},"leave":{"__symbolic":"function"},"startTimeRange":{"__symbolic":"function","parameters":["rangeType","action"],"value":{"__symbolic":"error","message":"Reference to a local symbol","line":36,"character":4,"context":{"name":"trace"}}},"endTimeRange":{"__symbolic":"function"}}}]