[{"__symbolic":"module","version":3,"metadata":{"THROW_IF_NOT_FOUND":{"__symbolic":"new","expression":{"__symbolic":"reference","name":"Object"}},"Injector":{"__symbolic":"class","members":{"get":[{"__symbolic":"method"}]},"statics":{"THROW_IF_NOT_FOUND":{"__symbolic":"new","expression":{"__symbolic":"reference","name":"Object"}},"NULL":{"__symbolic":"error","message":"Reference to non-exported class","line":14,"character":0,"context":{"className":"_NullInjector"}}}}}},{"__symbolic":"module","version":1,"metadata":{"THROW_IF_NOT_FOUND":{"__symbolic":"new","expression":{"__symbolic":"reference","name":"Object"}},"Injector":{"__symbolic":"class","members":{"get":[{"__symbolic":"method"}]},"statics":{"THROW_IF_NOT_FOUND":{"__symbolic":"new","expression":{"__symbolic":"reference","name":"Object"}},"NULL":{"__symbolic":"error","message":"Reference to non-exported class","line":14,"character":0,"context":{"className":"_NullInjector"}}}}}}]