[{"__symbolic":"module","version":3,"metadata":{"Inject":{"__symbolic":"call","expression":{"__symbolic":"reference","module":"../util/decorators","name":"makeParamDecorator"},"arguments":["Inject",[["token",{"__symbolic":"reference","name":"undefined"}]]]},"Optional":{"__symbolic":"call","expression":{"__symbolic":"reference","module":"../util/decorators","name":"makeParamDecorator"},"arguments":["Optional",[]]},"Injectable":{"__symbolic":"call","expression":{"__symbolic":"reference","module":"../util/decorators","name":"makeDecorator"},"arguments":["Injectable",[]]},"Self":{"__symbolic":"call","expression":{"__symbolic":"reference","module":"../util/decorators","name":"makeParamDecorator"},"arguments":["Self",[]]},"SkipSelf":{"__symbolic":"call","expression":{"__symbolic":"reference","module":"../util/decorators","name":"makeParamDecorator"},"arguments":["SkipSelf",[]]},"Host":{"__symbolic":"call","expression":{"__symbolic":"reference","module":"../util/decorators","name":"makeParamDecorator"},"arguments":["Host",[]]}}},{"__symbolic":"module","version":1,"metadata":{"Inject":{"__symbolic":"call","expression":{"__symbolic":"reference","module":"../util/decorators","name":"makeParamDecorator"},"arguments":["Inject",[["token",{"__symbolic":"reference","name":"undefined"}]]]},"Optional":{"__symbolic":"call","expression":{"__symbolic":"reference","module":"../util/decorators","name":"makeParamDecorator"},"arguments":["Optional",[]]},"Injectable":{"__symbolic":"call","expression":{"__symbolic":"reference","module":"../util/decorators","name":"makeDecorator"},"arguments":["Injectable",[]]},"Self":{"__symbolic":"call","expression":{"__symbolic":"reference","module":"../util/decorators","name":"makeParamDecorator"},"arguments":["Self",[]]},"SkipSelf":{"__symbolic":"call","expression":{"__symbolic":"reference","module":"../util/decorators","name":"makeParamDecorator"},"arguments":["SkipSelf",[]]},"Host":{"__symbolic":"call","expression":{"__symbolic":"reference","module":"../util/decorators","name":"makeParamDecorator"},"arguments":["Host",[]]}}}]