[{"__symbolic":"module","version":3,"metadata":{"ReflectiveProtoInjectorInlineStrategy":{"__symbolic":"class","members":{"__ctor__":[{"__symbolic":"constructor","parameters":[{"__symbolic":"reference","name":"ReflectiveProtoInjector"},{"__symbolic":"reference","name":"Array","arguments":[{"__symbolic":"reference","module":"./reflective_provider","name":"ResolvedReflectiveProvider"}]}]}],"getProviderAtIndex":[{"__symbolic":"method"}],"createInjectorStrategy":[{"__symbolic":"method"}]}},"ReflectiveProtoInjectorDynamicStrategy":{"__symbolic":"class","members":{"__ctor__":[{"__symbolic":"constructor","parameters":[{"__symbolic":"reference","name":"ReflectiveProtoInjector"},{"__symbolic":"reference","name":"Array","arguments":[{"__symbolic":"reference","module":"./reflective_provider","name":"ResolvedReflectiveProvider"}]}]}],"getProviderAtIndex":[{"__symbolic":"method"}],"createInjectorStrategy":[{"__symbolic":"method"}]}},"ReflectiveProtoInjector":{"__symbolic":"class","members":{"__ctor__":[{"__symbolic":"constructor","parameters":[{"__symbolic":"reference","name":"Array","arguments":[{"__symbolic":"reference","module":"./reflective_provider","name":"ResolvedReflectiveProvider"}]}]}],"getProviderAtIndex":[{"__symbolic":"method"}]},"statics":{"fromResolvedProviders":{"__symbolic":"function","parameters":["providers"],"value":{"__symbolic":"new","expression":{"__symbolic":"reference","name":"ReflectiveProtoInjector"},"arguments":[{"__symbolic":"reference","name":"providers"}]}}}},"ReflectiveInjectorInlineStrategy":{"__symbolic":"class","members":{"__ctor__":[{"__symbolic":"constructor","parameters":[{"__symbolic":"reference","name":"ReflectiveInjector_"},{"__symbolic":"reference","name":"ReflectiveProtoInjectorInlineStrategy"}]}],"resetConstructionCounter":[{"__symbolic":"method"}],"instantiateProvider":[{"__symbolic":"method"}],"getObjByKeyId":[{"__symbolic":"method"}],"getObjAtIndex":[{"__symbolic":"method"}],"getMaxNumberOfObjects":[{"__symbolic":"method"}]}},"ReflectiveInjectorDynamicStrategy":{"__symbolic":"class","members":{"__ctor__":[{"__symbolic":"constructor","parameters":[{"__symbolic":"reference","name":"ReflectiveProtoInjectorDynamicStrategy"},{"__symbolic":"reference","name":"ReflectiveInjector_"}]}],"resetConstructionCounter":[{"__symbolic":"method"}],"instantiateProvider":[{"__symbolic":"method"}],"getObjByKeyId":[{"__symbolic":"method"}],"getObjAtIndex":[{"__symbolic":"method"}],"getMaxNumberOfObjects":[{"__symbolic":"method"}]}},"ReflectiveInjector":{"__symbolic":"class","members":{"resolveAndCreateChild":[{"__symbolic":"method"}],"createChildFromResolved":[{"__symbolic":"method"}],"resolveAndInstantiate":[{"__symbolic":"method"}],"instantiateResolved":[{"__symbolic":"method"}],"get":[{"__symbolic":"method"}]},"statics":{"resolve":{"__symbolic":"function","parameters":["providers"],"value":{"__symbolic":"call","expression":{"__symbolic":"reference","module":"./reflective_provider","name":"resolveReflectiveProviders"},"arguments":[{"__symbolic":"reference","name":"providers"}]}},"fromResolvedProviders":{"__symbolic":"function","parameters":["providers","parent"],"value":{"__symbolic":"new","expression":{"__symbolic":"reference","name":"ReflectiveInjector_"},"arguments":[{"__symbolic":"call","expression":{"__symbolic":"select","expression":{"__symbolic":"reference","name":"ReflectiveProtoInjector"},"member":"fromResolvedProviders"},"arguments":[{"__symbolic":"reference","name":"providers"}]},{"__symbolic":"reference","name":"parent"}]},"defaults":[null,null]}}},"ReflectiveInjector_":{"__symbolic":"class","members":{"__ctor__":[{"__symbolic":"constructor","parameters":[{"__symbolic":"reference","name":"any"},{"__symbolic":"reference","module":"./injector","name":"Injector"}]}],"get":[{"__symbolic":"method"}],"getAt":[{"__symbolic":"method"}],"resolveAndCreateChild":[{"__symbolic":"method"}],"createChildFromResolved":[{"__symbolic":"method"}],"resolveAndInstantiate":[{"__symbolic":"method"}],"instantiateResolved":[{"__symbolic":"method"}],"_new":[{"__symbolic":"method"}],"_instantiateProvider":[{"__symbolic":"method"}],"_instantiate":[{"__symbolic":"method"}],"_getByReflectiveDependency":[{"__symbolic":"method"}],"_getByKey":[{"__symbolic":"method"}],"_throwOrNull":[{"__symbolic":"method"}],"_getByKeySelf":[{"__symbolic":"method"}],"_getByKeyDefault":[{"__symbolic":"method"}],"toString":[{"__symbolic":"method"}]}}}},{"__symbolic":"module","version":1,"metadata":{"ReflectiveProtoInjectorInlineStrategy":{"__symbolic":"class","members":{"__ctor__":[{"__symbolic":"constructor","parameters":[{"__symbolic":"reference","name":"ReflectiveProtoInjector"},{"__symbolic":"reference","name":"Array","arguments":[{"__symbolic":"reference","module":"./reflective_provider","name":"ResolvedReflectiveProvider"}]}]}],"getProviderAtIndex":[{"__symbolic":"method"}],"createInjectorStrategy":[{"__symbolic":"method"}]}},"ReflectiveProtoInjectorDynamicStrategy":{"__symbolic":"class","members":{"__ctor__":[{"__symbolic":"constructor","parameters":[{"__symbolic":"reference","name":"ReflectiveProtoInjector"},{"__symbolic":"reference","name":"Array","arguments":[{"__symbolic":"reference","module":"./reflective_provider","name":"ResolvedReflectiveProvider"}]}]}],"getProviderAtIndex":[{"__symbolic":"method"}],"createInjectorStrategy":[{"__symbolic":"method"}]}},"ReflectiveProtoInjector":{"__symbolic":"class","members":{"__ctor__":[{"__symbolic":"constructor","parameters":[{"__symbolic":"reference","name":"Array","arguments":[{"__symbolic":"reference","module":"./reflective_provider","name":"ResolvedReflectiveProvider"}]}]}],"getProviderAtIndex":[{"__symbolic":"method"}]},"statics":{"fromResolvedProviders":{"__symbolic":"function","parameters":["providers"],"value":{"__symbolic":"new","expression":{"__symbolic":"reference","name":"ReflectiveProtoInjector"},"arguments":[{"__symbolic":"reference","name":"providers"}]}}}},"ReflectiveInjectorInlineStrategy":{"__symbolic":"class","members":{"__ctor__":[{"__symbolic":"constructor","parameters":[{"__symbolic":"reference","name":"ReflectiveInjector_"},{"__symbolic":"reference","name":"ReflectiveProtoInjectorInlineStrategy"}]}],"resetConstructionCounter":[{"__symbolic":"method"}],"instantiateProvider":[{"__symbolic":"method"}],"getObjByKeyId":[{"__symbolic":"method"}],"getObjAtIndex":[{"__symbolic":"method"}],"getMaxNumberOfObjects":[{"__symbolic":"method"}]}},"ReflectiveInjectorDynamicStrategy":{"__symbolic":"class","members":{"__ctor__":[{"__symbolic":"constructor","parameters":[{"__symbolic":"reference","name":"ReflectiveProtoInjectorDynamicStrategy"},{"__symbolic":"reference","name":"ReflectiveInjector_"}]}],"resetConstructionCounter":[{"__symbolic":"method"}],"instantiateProvider":[{"__symbolic":"method"}],"getObjByKeyId":[{"__symbolic":"method"}],"getObjAtIndex":[{"__symbolic":"method"}],"getMaxNumberOfObjects":[{"__symbolic":"method"}]}},"ReflectiveInjector":{"__symbolic":"class","members":{"resolveAndCreateChild":[{"__symbolic":"method"}],"createChildFromResolved":[{"__symbolic":"method"}],"resolveAndInstantiate":[{"__symbolic":"method"}],"instantiateResolved":[{"__symbolic":"method"}],"get":[{"__symbolic":"method"}]},"statics":{"resolve":{"__symbolic":"function","parameters":["providers"],"value":{"__symbolic":"call","expression":{"__symbolic":"reference","module":"./reflective_provider","name":"resolveReflectiveProviders"},"arguments":[{"__symbolic":"reference","name":"providers"}]}},"fromResolvedProviders":{"__symbolic":"function","parameters":["providers","parent"],"value":{"__symbolic":"new","expression":{"__symbolic":"reference","name":"ReflectiveInjector_"},"arguments":[{"__symbolic":"call","expression":{"__symbolic":"select","expression":{"__symbolic":"reference","name":"ReflectiveProtoInjector"},"member":"fromResolvedProviders"},"arguments":[{"__symbolic":"reference","name":"providers"}]},{"__symbolic":"reference","name":"parent"}]},"defaults":[null,null]}}},"ReflectiveInjector_":{"__symbolic":"class","members":{"__ctor__":[{"__symbolic":"constructor","parameters":[{"__symbolic":"reference","name":"any"},{"__symbolic":"reference","module":"./injector","name":"Injector"}]}],"get":[{"__symbolic":"method"}],"getAt":[{"__symbolic":"method"}],"resolveAndCreateChild":[{"__symbolic":"method"}],"createChildFromResolved":[{"__symbolic":"method"}],"resolveAndInstantiate":[{"__symbolic":"method"}],"instantiateResolved":[{"__symbolic":"method"}],"_new":[{"__symbolic":"method"}],"_instantiateProvider":[{"__symbolic":"method"}],"_instantiate":[{"__symbolic":"method"}],"_getByReflectiveDependency":[{"__symbolic":"method"}],"_getByKey":[{"__symbolic":"method"}],"_throwOrNull":[{"__symbolic":"method"}],"_getByKeySelf":[{"__symbolic":"method"}],"_getByKeyDefault":[{"__symbolic":"method"}],"toString":[{"__symbolic":"method"}]}}}}]