[{"__symbolic":"module","version":3,"metadata":{"ReflectiveKey":{"__symbolic":"class","members":{"__ctor__":[{"__symbolic":"constructor","parameters":[{"__symbolic":"reference","name":"Object"},{"__symbolic":"reference","name":"number"}]}]},"statics":{"get":{"__symbolic":"function","parameters":["token"],"value":{"__symbolic":"call","expression":{"__symbolic":"select","expression":{"__symbolic":"reference","name":"_globalKeyRegistry"},"member":"get"},"arguments":[{"__symbolic":"call","expression":{"__symbolic":"reference","module":"./forward_ref","name":"resolveForwardRef"},"arguments":[{"__symbolic":"reference","name":"token"}]}]}},"numberOfKeys":{"__symbolic":"error","message":"Variable not initialized","line":54,"character":13}}},"KeyRegistry":{"__symbolic":"class","members":{"get":[{"__symbolic":"method"}]}}}},{"__symbolic":"module","version":1,"metadata":{"ReflectiveKey":{"__symbolic":"class","members":{"__ctor__":[{"__symbolic":"constructor","parameters":[{"__symbolic":"reference","name":"Object"},{"__symbolic":"reference","name":"number"}]}]},"statics":{"get":{"__symbolic":"function","parameters":["token"],"value":{"__symbolic":"call","expression":{"__symbolic":"select","expression":{"__symbolic":"reference","name":"_globalKeyRegistry"},"member":"get"},"arguments":[{"__symbolic":"call","expression":{"__symbolic":"reference","module":"./forward_ref","name":"resolveForwardRef"},"arguments":[{"__symbolic":"reference","name":"token"}]}]}},"numberOfKeys":{"__symbolic":"error","message":"Variable not initialized","line":54,"character":13}}},"KeyRegistry":{"__symbolic":"class","members":{"get":[{"__symbolic":"method"}]}}}}]