[{"__symbolic":"module","version":3,"metadata":{"ReflectiveDependency":{"__symbolic":"class","members":{"__ctor__":[{"__symbolic":"constructor","parameters":[{"__symbolic":"reference","module":"./reflective_key","name":"ReflectiveKey"},{"__symbolic":"reference","name":"boolean"},{"__symbolic":"reference","name":"any"},{"__symbolic":"reference","name":"any"},{"__symbolic":"reference","name":"Array","arguments":[{"__symbolic":"reference","name":"any"}]}]}]},"statics":{"fromKey":{"__symbolic":"function","parameters":["key"],"value":{"__symbolic":"new","expression":{"__symbolic":"reference","name":"ReflectiveDependency"},"arguments":[{"__symbolic":"reference","name":"key"},false,null,null,[]]}}}},"ResolvedReflectiveProvider_":{"__symbolic":"class","members":{"__ctor__":[{"__symbolic":"constructor","parameters":[{"__symbolic":"reference","module":"./reflective_key","name":"ReflectiveKey"},{"__symbolic":"reference","name":"Array","arguments":[{"__symbolic":"reference","name":"ResolvedReflectiveFactory"}]},{"__symbolic":"reference","name":"boolean"}]}]}},"ResolvedReflectiveFactory":{"__symbolic":"class","members":{"__ctor__":[{"__symbolic":"constructor","parameters":[{"__symbolic":"reference","name":"Function"},{"__symbolic":"reference","name":"Array","arguments":[{"__symbolic":"reference","name":"ReflectiveDependency"}]}]}]}},"resolveReflectiveProviders":{"__symbolic":"function"},"mergeResolvedReflectiveProviders":{"__symbolic":"function"},"constructDependencies":{"__symbolic":"function"}}},{"__symbolic":"module","version":1,"metadata":{"ReflectiveDependency":{"__symbolic":"class","members":{"__ctor__":[{"__symbolic":"constructor","parameters":[{"__symbolic":"reference","module":"./reflective_key","name":"ReflectiveKey"},{"__symbolic":"reference","name":"boolean"},{"__symbolic":"reference","name":"any"},{"__symbolic":"reference","name":"any"},{"__symbolic":"reference","name":"Array","arguments":[{"__symbolic":"reference","name":"any"}]}]}]},"statics":{"fromKey":{"__symbolic":"function","parameters":["key"],"value":{"__symbolic":"new","expression":{"__symbolic":"reference","name":"ReflectiveDependency"},"arguments":[{"__symbolic":"reference","name":"key"},false,null,null,[]]}}}},"ResolvedReflectiveProvider_":{"__symbolic":"class","members":{"__ctor__":[{"__symbolic":"constructor","parameters":[{"__symbolic":"reference","module":"./reflective_key","name":"ReflectiveKey"},{"__symbolic":"reference","name":"Array","arguments":[{"__symbolic":"reference","name":"ResolvedReflectiveFactory"}]},{"__symbolic":"reference","name":"boolean"}]}]}},"ResolvedReflectiveFactory":{"__symbolic":"class","members":{"__ctor__":[{"__symbolic":"constructor","parameters":[{"__symbolic":"reference","name":"Function"},{"__symbolic":"reference","name":"Array","arguments":[{"__symbolic":"reference","name":"ReflectiveDependency"}]}]}]}},"resolveReflectiveProviders":{"__symbolic":"function"},"mergeResolvedReflectiveProviders":{"__symbolic":"function"},"constructDependencies":{"__symbolic":"function"}}}]