[{"__symbolic":"module","version":3,"metadata":{"AbstractProviderError":{"__symbolic":"class","extends":{"__symbolic":"reference","module":"../facade/errors","name":"BaseError"},"members":{"__ctor__":[{"__symbolic":"constructor","parameters":[{"__symbolic":"reference","module":"./reflective_injector","name":"ReflectiveInjector"},{"__symbolic":"reference","module":"./reflective_key","name":"ReflectiveKey"},{"__symbolic":"reference","name":"Function"}]}],"addKey":[{"__symbolic":"method"}]}},"NoProviderError":{"__symbolic":"class","extends":{"__symbolic":"reference","name":"AbstractProviderError"},"members":{"__ctor__":[{"__symbolic":"constructor","parameters":[{"__symbolic":"reference","module":"./reflective_injector","name":"ReflectiveInjector"},{"__symbolic":"reference","module":"./reflective_key","name":"ReflectiveKey"}]}]}},"CyclicDependencyError":{"__symbolic":"class","extends":{"__symbolic":"reference","name":"AbstractProviderError"},"members":{"__ctor__":[{"__symbolic":"constructor","parameters":[{"__symbolic":"reference","module":"./reflective_injector","name":"ReflectiveInjector"},{"__symbolic":"reference","module":"./reflective_key","name":"ReflectiveKey"}]}]}},"InstantiationError":{"__symbolic":"class","extends":{"__symbolic":"reference","module":"../facade/errors","name":"WrappedError"},"members":{"__ctor__":[{"__symbolic":"constructor","parameters":[{"__symbolic":"reference","module":"./reflective_injector","name":"ReflectiveInjector"},{"__symbolic":"reference","name":"any"},{"__symbolic":"reference","name":"any"},{"__symbolic":"reference","module":"./reflective_key","name":"ReflectiveKey"}]}],"addKey":[{"__symbolic":"method"}]}},"InvalidProviderError":{"__symbolic":"class","extends":{"__symbolic":"reference","module":"../facade/errors","name":"BaseError"},"members":{"__ctor__":[{"__symbolic":"constructor","parameters":[{"__symbolic":"reference","name":"any"}]}]}},"NoAnnotationError":{"__symbolic":"class","extends":{"__symbolic":"reference","module":"../facade/errors","name":"BaseError"},"members":{"__ctor__":[{"__symbolic":"constructor","parameters":[{"__symbolic":"error","message":"Expression form not supported","line":222,"character":26},{"__symbolic":"reference","name":"Array","arguments":[{"__symbolic":"reference","name":"Array","arguments":[{"__symbolic":"reference","name":"any"}]}]}]}]}},"OutOfBoundsError":{"__symbolic":"class","extends":{"__symbolic":"reference","module":"../facade/errors","name":"BaseError"},"members":{"__ctor__":[{"__symbolic":"constructor","parameters":[{"__symbolic":"reference","name":"number"}]}]}},"MixingMultiProvidersWithRegularProvidersError":{"__symbolic":"class","extends":{"__symbolic":"reference","module":"../facade/errors","name":"BaseError"},"members":{"__ctor__":[{"__symbolic":"constructor","parameters":[{"__symbolic":"reference","name":"any"},{"__symbolic":"reference","name":"any"}]}]}}}},{"__symbolic":"module","version":1,"metadata":{"AbstractProviderError":{"__symbolic":"class","extends":{"__symbolic":"reference","module":"../facade/errors","name":"BaseError"},"members":{"__ctor__":[{"__symbolic":"constructor","parameters":[{"__symbolic":"reference","module":"./reflective_injector","name":"ReflectiveInjector"},{"__symbolic":"reference","module":"./reflective_key","name":"ReflectiveKey"},{"__symbolic":"reference","name":"Function"}]}],"addKey":[{"__symbolic":"method"}]}},"NoProviderError":{"__symbolic":"class","extends":{"__symbolic":"reference","name":"AbstractProviderError"},"members":{"__ctor__":[{"__symbolic":"constructor","parameters":[{"__symbolic":"reference","module":"./reflective_injector","name":"ReflectiveInjector"},{"__symbolic":"reference","module":"./reflective_key","name":"ReflectiveKey"}]}]}},"CyclicDependencyError":{"__symbolic":"class","extends":{"__symbolic":"reference","name":"AbstractProviderError"},"members":{"__ctor__":[{"__symbolic":"constructor","parameters":[{"__symbolic":"reference","module":"./reflective_injector","name":"ReflectiveInjector"},{"__symbolic":"reference","module":"./reflective_key","name":"ReflectiveKey"}]}]}},"InstantiationError":{"__symbolic":"class","extends":{"__symbolic":"reference","module":"../facade/errors","name":"WrappedError"},"members":{"__ctor__":[{"__symbolic":"constructor","parameters":[{"__symbolic":"reference","module":"./reflective_injector","name":"ReflectiveInjector"},{"__symbolic":"reference","name":"any"},{"__symbolic":"reference","name":"any"},{"__symbolic":"reference","module":"./reflective_key","name":"ReflectiveKey"}]}],"addKey":[{"__symbolic":"method"}]}},"InvalidProviderError":{"__symbolic":"class","extends":{"__symbolic":"reference","module":"../facade/errors","name":"BaseError"},"members":{"__ctor__":[{"__symbolic":"constructor","parameters":[{"__symbolic":"reference","name":"any"}]}]}},"NoAnnotationError":{"__symbolic":"class","extends":{"__symbolic":"reference","module":"../facade/errors","name":"BaseError"},"members":{"__ctor__":[{"__symbolic":"constructor","parameters":[{"__symbolic":"error","message":"Expression form not supported","line":222,"character":26},{"__symbolic":"reference","name":"Array","arguments":[{"__symbolic":"reference","name":"Array","arguments":[{"__symbolic":"reference","name":"any"}]}]}]}]}},"OutOfBoundsError":{"__symbolic":"class","extends":{"__symbolic":"reference","module":"../facade/errors","name":"BaseError"},"members":{"__ctor__":[{"__symbolic":"constructor","parameters":[{"__symbolic":"reference","name":"number"}]}]}},"MixingMultiProvidersWithRegularProvidersError":{"__symbolic":"class","extends":{"__symbolic":"reference","module":"../facade/errors","name":"BaseError"},"members":{"__ctor__":[{"__symbolic":"constructor","parameters":[{"__symbolic":"reference","name":"any"},{"__symbolic":"reference","name":"any"}]}]}}}}]