[{"__symbolic":"module","version":3,"metadata":{"_iterableDiffersFactory":{"__symbolic":"function","parameters":[],"value":{"__symbolic":"reference","module":"./change_detection/change_detection","name":"defaultIterableDiffers"}},"_keyValueDiffersFactory":{"__symbolic":"function","parameters":[],"value":{"__symbolic":"reference","module":"./change_detection/change_detection","name":"defaultKeyValueDiffers"}},"ApplicationModule":{"__symbolic":"class","decorators":[{"__symbolic":"call","expression":{"__symbolic":"reference","module":"./metadata","name":"NgModule"},"arguments":[{"providers":[{"__symbolic":"reference","module":"./application_ref","name":"ApplicationRef_"},{"provide":{"__symbolic":"reference","module":"./application_ref","name":"ApplicationRef"},"useExisting":{"__symbolic":"reference","module":"./application_ref","name":"ApplicationRef_"}},{"__symbolic":"reference","module":"./application_init","name":"ApplicationInitStatus"},{"__symbolic":"reference","module":"./linker/compiler","name":"Compiler"},{"__symbolic":"reference","module":"./application_tokens","name":"APP_ID_RANDOM_PROVIDER"},{"__symbolic":"reference","module":"./linker/view_utils","name":"ViewUtils"},{"__symbolic":"reference","module":"./animation/animation_queue","name":"AnimationQueue"},{"provide":{"__symbolic":"reference","module":"./change_detection/change_detection","name":"IterableDiffers"},"useFactory":{"__symbolic":"reference","name":"_iterableDiffersFactory"}},{"provide":{"__symbolic":"reference","module":"./change_detection/change_detection","name":"KeyValueDiffers"},"useFactory":{"__symbolic":"reference","name":"_keyValueDiffersFactory"}},{"provide":{"__symbolic":"reference","module":"./i18n/tokens","name":"LOCALE_ID"},"useValue":"en-US"}]}]}]}}},{"__symbolic":"module","version":1,"metadata":{"_iterableDiffersFactory":{"__symbolic":"function","parameters":[],"value":{"__symbolic":"reference","module":"./change_detection/change_detection","name":"defaultIterableDiffers"}},"_keyValueDiffersFactory":{"__symbolic":"function","parameters":[],"value":{"__symbolic":"reference","module":"./change_detection/change_detection","name":"defaultKeyValueDiffers"}},"ApplicationModule":{"__symbolic":"class","decorators":[{"__symbolic":"call","expression":{"__symbolic":"reference","module":"./metadata","name":"NgModule"},"arguments":[{"providers":[{"__symbolic":"reference","module":"./application_ref","name":"ApplicationRef_"},{"provide":{"__symbolic":"reference","module":"./application_ref","name":"ApplicationRef"},"useExisting":{"__symbolic":"reference","module":"./application_ref","name":"ApplicationRef_"}},{"__symbolic":"reference","module":"./application_init","name":"ApplicationInitStatus"},{"__symbolic":"reference","module":"./linker/compiler","name":"Compiler"},{"__symbolic":"reference","module":"./application_tokens","name":"APP_ID_RANDOM_PROVIDER"},{"__symbolic":"reference","module":"./linker/view_utils","name":"ViewUtils"},{"__symbolic":"reference","module":"./animation/animation_queue","name":"AnimationQueue"},{"provide":{"__symbolic":"reference","module":"./change_detection/change_detection","name":"IterableDiffers"},"useFactory":{"__symbolic":"reference","name":"_iterableDiffersFactory"}},{"provide":{"__symbolic":"reference","module":"./change_detection/change_detection","name":"KeyValueDiffers"},"useFactory":{"__symbolic":"reference","name":"_keyValueDiffersFactory"}},{"provide":{"__symbolic":"reference","module":"./i18n/tokens","name":"LOCALE_ID"},"useValue":"en-US"}]}]}]}}}]