[{"__symbolic":"module","version":3,"metadata":{"enableProdMode":{"__symbolic":"function"},"isDevMode":{"__symbolic":"function"},"NgProbeToken":{"__symbolic":"class","members":{"__ctor__":[{"__symbolic":"constructor","parameters":[{"__symbolic":"reference","name":"string"},{"__symbolic":"reference","name":"any"}]}]}},"createPlatform":{"__symbolic":"function"},"createPlatformFactory":{"__symbolic":"function"},"assertPlatform":{"__symbolic":"function"},"destroyPlatform":{"__symbolic":"function"},"getPlatform":{"__symbolic":"function","parameters":[],"value":{"__symbolic":"if","condition":{"__symbolic":"binop","operator":"&&","left":{"__symbolic":"error","message":"Reference to a local symbol","line":32,"character":4,"context":{"name":"_platform"}},"right":{"__symbolic":"pre","operator":"!","operand":{"__symbolic":"error","message":"Reference to a local symbol","line":32,"character":4,"context":{"name":"_platform"}}}},"thenExpression":{"__symbolic":"error","message":"Reference to a local symbol","line":32,"character":4,"context":{"name":"_platform"}},"elseExpression":null}},"PlatformRef":{"__symbolic":"class","members":{"bootstrapModuleFactory":[{"__symbolic":"method"}],"bootstrapModule":[{"__symbolic":"method"}],"onDestroy":[{"__symbolic":"method"}],"destroy":[{"__symbolic":"method"}]}},"PlatformRef_":{"__symbolic":"class","extends":{"__symbolic":"reference","name":"PlatformRef"},"decorators":[{"__symbolic":"call","expression":{"__symbolic":"reference","module":"./di","name":"Injectable"}}],"members":{"__ctor__":[{"__symbolic":"constructor","parameters":[{"__symbolic":"reference","module":"./di","name":"Injector"}]}],"onDestroy":[{"__symbolic":"method"}],"destroy":[{"__symbolic":"method"}],"bootstrapModuleFactory":[{"__symbolic":"method"}],"_bootstrapModuleFactoryWithZone":[{"__symbolic":"method"}],"bootstrapModule":[{"__symbolic":"method"}],"_bootstrapModuleWithZone":[{"__symbolic":"method"}],"_moduleDoBootstrap":[{"__symbolic":"method"}]}},"ApplicationRef":{"__symbolic":"class","members":{"bootstrap":[{"__symbolic":"method"}],"tick":[{"__symbolic":"method"}],"attachView":[{"__symbolic":"method"}],"detachView":[{"__symbolic":"method"}]}},"ApplicationRef_":{"__symbolic":"class","extends":{"__symbolic":"reference","name":"ApplicationRef"},"decorators":[{"__symbolic":"call","expression":{"__symbolic":"reference","module":"./di","name":"Injectable"}}],"members":{"__ctor__":[{"__symbolic":"constructor","parameterDecorators":[null,null,null,null,null,null,[{"__symbolic":"call","expression":{"__symbolic":"reference","module":"./di","name":"Optional"}}],[{"__symbolic":"call","expression":{"__symbolic":"reference","module":"./di","name":"Optional"}}]],"parameters":[{"__symbolic":"reference","module":"./zone/ng_zone","name":"NgZone"},{"__symbolic":"reference","module":"./console","name":"Console"},{"__symbolic":"reference","module":"./di","name":"Injector"},{"__symbolic":"reference","module":"../src/error_handler","name":"ErrorHandler"},{"__symbolic":"reference","module":"./linker/component_factory_resolver","name":"ComponentFactoryResolver"},{"__symbolic":"reference","module":"./application_init","name":"ApplicationInitStatus"},{"__symbolic":"reference","module":"./testability/testability","name":"TestabilityRegistry"},{"__symbolic":"reference","module":"./testability/testability","name":"Testability"}]}],"attachView":[{"__symbolic":"method"}],"detachView":[{"__symbolic":"method"}],"bootstrap":[{"__symbolic":"method"}],"_loadComponent":[{"__symbolic":"method"}],"_unloadComponent":[{"__symbolic":"method"}],"tick":[{"__symbolic":"method"}],"ngOnDestroy":[{"__symbolic":"method"}]},"statics":{"_tickScope":{"__symbolic":"call","expression":{"__symbolic":"reference","module":"./profile/profile","name":"wtfCreateScope"},"arguments":["ApplicationRef#tick()"]}}}}},{"__symbolic":"module","version":1,"metadata":{"enableProdMode":{"__symbolic":"function"},"isDevMode":{"__symbolic":"function"},"NgProbeToken":{"__symbolic":"class","members":{"__ctor__":[{"__symbolic":"constructor","parameters":[{"__symbolic":"reference","name":"string"},{"__symbolic":"reference","name":"any"}]}]}},"createPlatform":{"__symbolic":"function"},"createPlatformFactory":{"__symbolic":"function"},"assertPlatform":{"__symbolic":"function"},"destroyPlatform":{"__symbolic":"function"},"getPlatform":{"__symbolic":"function","parameters":[],"value":{"__symbolic":"if","condition":{"__symbolic":"binop","operator":"&&","left":{"__symbolic":"error","message":"Reference to a local symbol","line":32,"character":4,"context":{"name":"_platform"}},"right":{"__symbolic":"pre","operator":"!","operand":{"__symbolic":"error","message":"Reference to a local symbol","line":32,"character":4,"context":{"name":"_platform"}}}},"thenExpression":{"__symbolic":"error","message":"Reference to a local symbol","line":32,"character":4,"context":{"name":"_platform"}},"elseExpression":null}},"PlatformRef":{"__symbolic":"class","members":{"bootstrapModuleFactory":[{"__symbolic":"method"}],"bootstrapModule":[{"__symbolic":"method"}],"onDestroy":[{"__symbolic":"method"}],"destroy":[{"__symbolic":"method"}]}},"PlatformRef_":{"__symbolic":"class","extends":{"__symbolic":"reference","name":"PlatformRef"},"decorators":[{"__symbolic":"call","expression":{"__symbolic":"reference","module":"./di","name":"Injectable"}}],"members":{"__ctor__":[{"__symbolic":"constructor","parameters":[{"__symbolic":"reference","module":"./di","name":"Injector"}]}],"onDestroy":[{"__symbolic":"method"}],"destroy":[{"__symbolic":"method"}],"bootstrapModuleFactory":[{"__symbolic":"method"}],"_bootstrapModuleFactoryWithZone":[{"__symbolic":"method"}],"bootstrapModule":[{"__symbolic":"method"}],"_bootstrapModuleWithZone":[{"__symbolic":"method"}],"_moduleDoBootstrap":[{"__symbolic":"method"}]}},"ApplicationRef":{"__symbolic":"class","members":{"bootstrap":[{"__symbolic":"method"}],"tick":[{"__symbolic":"method"}],"attachView":[{"__symbolic":"method"}],"detachView":[{"__symbolic":"method"}]}},"ApplicationRef_":{"__symbolic":"class","extends":{"__symbolic":"reference","name":"ApplicationRef"},"decorators":[{"__symbolic":"call","expression":{"__symbolic":"reference","module":"./di","name":"Injectable"}}],"members":{"__ctor__":[{"__symbolic":"constructor","parameterDecorators":[null,null,null,null,null,null,[{"__symbolic":"call","expression":{"__symbolic":"reference","module":"./di","name":"Optional"}}],[{"__symbolic":"call","expression":{"__symbolic":"reference","module":"./di","name":"Optional"}}]],"parameters":[{"__symbolic":"reference","module":"./zone/ng_zone","name":"NgZone"},{"__symbolic":"reference","module":"./console","name":"Console"},{"__symbolic":"reference","module":"./di","name":"Injector"},{"__symbolic":"reference","module":"../src/error_handler","name":"ErrorHandler"},{"__symbolic":"reference","module":"./linker/component_factory_resolver","name":"ComponentFactoryResolver"},{"__symbolic":"reference","module":"./application_init","name":"ApplicationInitStatus"},{"__symbolic":"reference","module":"./testability/testability","name":"TestabilityRegistry"},{"__symbolic":"reference","module":"./testability/testability","name":"Testability"}]}],"attachView":[{"__symbolic":"method"}],"detachView":[{"__symbolic":"method"}],"bootstrap":[{"__symbolic":"method"}],"_loadComponent":[{"__symbolic":"method"}],"_unloadComponent":[{"__symbolic":"method"}],"tick":[{"__symbolic":"method"}],"ngOnDestroy":[{"__symbolic":"method"}]},"statics":{"_tickScope":{"__symbolic":"call","expression":{"__symbolic":"reference","module":"./profile/profile","name":"wtfCreateScope"},"arguments":["ApplicationRef#tick()"]}}}}}]