[{"__symbolic":"module","version":3,"metadata":{},"exports":[{"from":"./metadata"},{"from":"./version"},{"from":"./util"},{"from":"./di"},{"from":"./application_ref","export":["createPlatform","assertPlatform","destroyPlatform","getPlatform","PlatformRef","ApplicationRef","enableProdMode","isDevMode","createPlatformFactory","NgProbeToken"]},{"from":"./application_tokens","export":["APP_ID","PACKAGE_ROOT_URL","PLATFORM_INITIALIZER","APP_BOOTSTRAP_LISTENER"]},{"from":"./application_init","export":["APP_INITIALIZER","ApplicationInitStatus"]},{"from":"./zone"},{"from":"./render"},{"from":"./linker"},{"from":"./debug/debug_node","export":["DebugElement","DebugNode","asNativeElements","getDebugNode"]},{"from":"./testability/testability","export":["GetTestability","Testability","TestabilityRegistry","setTestabilityGetter"]},{"from":"./change_detection"},{"from":"./platform_core_providers"},{"from":"./i18n/tokens","export":["TRANSLATIONS","TRANSLATIONS_FORMAT","LOCALE_ID"]},{"from":"./application_module","export":["ApplicationModule"]},{"from":"./profile/profile","export":["wtfCreateScope","wtfLeave","wtfStartTimeRange","wtfEndTimeRange","WtfScopeFn"]},{"from":"./type","export":["Type"]},{"from":"./facade/async","export":["EventEmitter"]},{"from":"./error_handler","export":["ErrorHandler"]},{"from":"./core_private_export"},{"from":"./animation/metadata"},{"from":"./animation/animation_transition_event","export":["AnimationTransitionEvent"]},{"from":"./animation/animation_player","export":["AnimationPlayer"]},{"from":"./security","export":["Sanitizer","SecurityContext"]}]},{"__symbolic":"module","version":1,"metadata":{},"exports":[{"from":"./metadata"},{"from":"./version"},{"from":"./util"},{"from":"./di"},{"from":"./application_ref","export":["createPlatform","assertPlatform","destroyPlatform","getPlatform","PlatformRef","ApplicationRef","enableProdMode","isDevMode","createPlatformFactory","NgProbeToken"]},{"from":"./application_tokens","export":["APP_ID","PACKAGE_ROOT_URL","PLATFORM_INITIALIZER","APP_BOOTSTRAP_LISTENER"]},{"from":"./application_init","export":["APP_INITIALIZER","ApplicationInitStatus"]},{"from":"./zone"},{"from":"./render"},{"from":"./linker"},{"from":"./debug/debug_node","export":["DebugElement","DebugNode","asNativeElements","getDebugNode"]},{"from":"./testability/testability","export":["GetTestability","Testability","TestabilityRegistry","setTestabilityGetter"]},{"from":"./change_detection"},{"from":"./platform_core_providers"},{"from":"./i18n/tokens","export":["TRANSLATIONS","TRANSLATIONS_FORMAT","LOCALE_ID"]},{"from":"./application_module","export":["ApplicationModule"]},{"from":"./profile/profile","export":["wtfCreateScope","wtfLeave","wtfStartTimeRange","wtfEndTimeRange","WtfScopeFn"]},{"from":"./type","export":["Type"]},{"from":"./facade/async","export":["EventEmitter"]},{"from":"./error_handler","export":["ErrorHandler"]},{"from":"./core_private_export"},{"from":"./animation/metadata"},{"from":"./animation/animation_transition_event","export":["AnimationTransitionEvent"]},{"from":"./animation/animation_player","export":["AnimationPlayer"]},{"from":"./security","export":["Sanitizer","SecurityContext"]}]}]