[{"__symbolic":"module","version":3,"metadata":{"ErrorHandler":{"__symbolic":"class","members":{"__ctor__":[{"__symbolic":"constructor","parameters":[{"__symbolic":"reference","name":"boolean"}]}],"handleError":[{"__symbolic":"method"}],"_extractMessage":[{"__symbolic":"method"}],"_findContext":[{"__symbolic":"method"}],"_findOriginalError":[{"__symbolic":"method"}],"_findOriginalStack":[{"__symbolic":"method"}]}}}},{"__symbolic":"module","version":1,"metadata":{"ErrorHandler":{"__symbolic":"class","members":{"__ctor__":[{"__symbolic":"constructor","parameters":[{"__symbolic":"reference","name":"boolean"}]}],"handleError":[{"__symbolic":"method"}],"_extractMessage":[{"__symbolic":"method"}],"_findContext":[{"__symbolic":"method"}],"_findOriginalError":[{"__symbolic":"method"}],"_findOriginalStack":[{"__symbolic":"method"}]}}}}]