[{"__symbolic":"module","version":3,"metadata":{"AnimationStyles":{"__symbolic":"class","members":{"__ctor__":[{"__symbolic":"constructor","parameters":[{"__symbolic":"reference","name":"Array","arguments":[{"__symbolic":"error","message":"Expression form not supported","line":9,"character":29}]}]}]}}}},{"__symbolic":"module","version":1,"metadata":{"AnimationStyles":{"__symbolic":"class","members":{"__ctor__":[{"__symbolic":"constructor","parameters":[{"__symbolic":"reference","name":"Array","arguments":[{"__symbolic":"error","message":"Expression form not supported","line":9,"character":29}]}]}]}}}}]