[{"__symbolic":"module","version":3,"metadata":{"CompileNode":{"__symbolic":"class","members":{"__ctor__":[{"__symbolic":"constructor","parameters":[{"__symbolic":"reference","name":"CompileElement"},{"__symbolic":"reference","module":"./compile_view","name":"CompileView"},{"__symbolic":"reference","name":"number"},{"__symbolic":"reference","module":"../output/output_ast","name":"Expression"},{"__symbolic":"reference","module":"../template_parser/template_ast","name":"TemplateAst"}]}],"isNull":[{"__symbolic":"method"}],"isRootElement":[{"__symbolic":"method"}]}},"CompileElement":{"__symbolic":"class","extends":{"__symbolic":"reference","name":"CompileNode"},"members":{"__ctor__":[{"__symbolic":"constructor","parameters":[{"__symbolic":"reference","name":"CompileElement"},{"__symbolic":"reference","module":"./compile_view","name":"CompileView"},{"__symbolic":"reference","name":"number"},{"__symbolic":"reference","module":"../output/output_ast","name":"Expression"},{"__symbolic":"reference","module":"../template_parser/template_ast","name":"TemplateAst"},{"__symbolic":"reference","module":"../compile_metadata","name":"CompileDirectiveSummary"},{"__symbolic":"reference","name":"Array","arguments":[{"__symbolic":"reference","module":"../compile_metadata","name":"CompileDirectiveSummary"}]},{"__symbolic":"reference","name":"Array","arguments":[{"__symbolic":"reference","module":"../template_parser/template_ast","name":"ProviderAst"}]},{"__symbolic":"reference","name":"boolean"},{"__symbolic":"reference","name":"boolean"},{"__symbolic":"reference","name":"Array","arguments":[{"__symbolic":"reference","module":"../template_parser/template_ast","name":"ReferenceAst"}]}]}],"_createViewContainer":[{"__symbolic":"method"}],"_createComponentFactoryResolver":[{"__symbolic":"method"}],"setComponentView":[{"__symbolic":"method"}],"setEmbeddedView":[{"__symbolic":"method"}],"beforeChildren":[{"__symbolic":"method"}],"afterChildren":[{"__symbolic":"method"}],"addContentNode":[{"__symbolic":"method"}],"getComponent":[{"__symbolic":"method"}],"getProviderTokens":[{"__symbolic":"method"}],"_getQueriesFor":[{"__symbolic":"method"}],"_addQuery":[{"__symbolic":"method"}],"_getLocalDependency":[{"__symbolic":"method"}],"_getDependency":[{"__symbolic":"method"}]},"statics":{"createNull":{"__symbolic":"function","parameters":[],"value":{"__symbolic":"new","expression":{"__symbolic":"reference","name":"CompileElement"},"arguments":[null,null,null,null,null,null,[],[],false,false,[]]}}}}}},{"__symbolic":"module","version":1,"metadata":{"CompileNode":{"__symbolic":"class","members":{"__ctor__":[{"__symbolic":"constructor","parameters":[{"__symbolic":"reference","name":"CompileElement"},{"__symbolic":"reference","module":"./compile_view","name":"CompileView"},{"__symbolic":"reference","name":"number"},{"__symbolic":"reference","module":"../output/output_ast","name":"Expression"},{"__symbolic":"reference","module":"../template_parser/template_ast","name":"TemplateAst"}]}],"isNull":[{"__symbolic":"method"}],"isRootElement":[{"__symbolic":"method"}]}},"CompileElement":{"__symbolic":"class","extends":{"__symbolic":"reference","name":"CompileNode"},"members":{"__ctor__":[{"__symbolic":"constructor","parameters":[{"__symbolic":"reference","name":"CompileElement"},{"__symbolic":"reference","module":"./compile_view","name":"CompileView"},{"__symbolic":"reference","name":"number"},{"__symbolic":"reference","module":"../output/output_ast","name":"Expression"},{"__symbolic":"reference","module":"../template_parser/template_ast","name":"TemplateAst"},{"__symbolic":"reference","module":"../compile_metadata","name":"CompileDirectiveSummary"},{"__symbolic":"reference","name":"Array","arguments":[{"__symbolic":"reference","module":"../compile_metadata","name":"CompileDirectiveSummary"}]},{"__symbolic":"reference","name":"Array","arguments":[{"__symbolic":"reference","module":"../template_parser/template_ast","name":"ProviderAst"}]},{"__symbolic":"reference","name":"boolean"},{"__symbolic":"reference","name":"boolean"},{"__symbolic":"reference","name":"Array","arguments":[{"__symbolic":"reference","module":"../template_parser/template_ast","name":"ReferenceAst"}]}]}],"_createViewContainer":[{"__symbolic":"method"}],"_createComponentFactoryResolver":[{"__symbolic":"method"}],"setComponentView":[{"__symbolic":"method"}],"setEmbeddedView":[{"__symbolic":"method"}],"beforeChildren":[{"__symbolic":"method"}],"afterChildren":[{"__symbolic":"method"}],"addContentNode":[{"__symbolic":"method"}],"getComponent":[{"__symbolic":"method"}],"getProviderTokens":[{"__symbolic":"method"}],"_getQueriesFor":[{"__symbolic":"method"}],"_addQuery":[{"__symbolic":"method"}],"_getLocalDependency":[{"__symbolic":"method"}],"_getDependency":[{"__symbolic":"method"}]},"statics":{"createNull":{"__symbolic":"function","parameters":[],"value":{"__symbolic":"new","expression":{"__symbolic":"reference","name":"CompileElement"},"arguments":[null,null,null,null,null,null,[],[],false,false,[]]}}}}}}]