[{"__symbolic":"module","version":3,"metadata":{"CompileQuery":{"__symbolic":"class","members":{"__ctor__":[{"__symbolic":"constructor","parameters":[{"__symbolic":"reference","module":"../compile_metadata","name":"CompileQueryMetadata"},{"__symbolic":"reference","module":"../output/output_ast","name":"Expression"},{"__symbolic":"reference","module":"../output/output_ast","name":"Expression"},{"__symbolic":"reference","module":"./compile_view","name":"CompileView"}]}],"addValue":[{"__symbolic":"method"}],"_isStatic":[{"__symbolic":"method"}],"afterChildren":[{"__symbolic":"method"}]}},"createQueryList":{"__symbolic":"function"},"addQueryToTokenMap":{"__symbolic":"function"}}},{"__symbolic":"module","version":1,"metadata":{"CompileQuery":{"__symbolic":"class","members":{"__ctor__":[{"__symbolic":"constructor","parameters":[{"__symbolic":"reference","module":"../compile_metadata","name":"CompileQueryMetadata"},{"__symbolic":"reference","module":"../output/output_ast","name":"Expression"},{"__symbolic":"reference","module":"../output/output_ast","name":"Expression"},{"__symbolic":"reference","module":"./compile_view","name":"CompileView"}]}],"addValue":[{"__symbolic":"method"}],"_isStatic":[{"__symbolic":"method"}],"afterChildren":[{"__symbolic":"method"}]}},"createQueryList":{"__symbolic":"function"},"addQueryToTokenMap":{"__symbolic":"function"}}}]