{"__symbolic":"module","version":1,"metadata":{"COMPILER_PROVIDERS":{"__symbolic":"error","message":"Function call not supported","line":52,"character":16},"RuntimeCompilerFactory":{"__symbolic":"class","decorators":[{"__symbolic":"call","expression":{"__symbolic":"reference","module":"@angular/core","name":"Injectable"}}],"members":{"__ctor__":[{"__symbolic":"constructor","parameterDecorators":[[{"__symbolic":"call","expression":{"__symbolic":"reference","module":"@angular/core","name":"Inject"},"arguments":[{"__symbolic":"reference","module":"@angular/core","name":"COMPILER_OPTIONS"}]}]],"parameters":[{"__symbolic":"reference","name":"Array","arguments":[{"__symbolic":"reference","module":"@angular/core","name":"CompilerOptions"}]}]}],"createCompiler":[{"__symbolic":"method"}]}},"platformCoreDynamic":{"__symbolic":"error","message":"Reference to a non-exported function","line":117,"character":9,"context":{"name":"_initReflector"}}}}