{"__symbolic":"module","version":1,"metadata":{"RuntimeCompiler":{"__symbolic":"class","decorators":[{"__symbolic":"call","expression":{"__symbolic":"reference","module":"@angular/core","name":"Injectable"}}],"members":{"__ctor__":[{"__symbolic":"constructor","parameters":[{"__symbolic":"reference","module":"@angular/core","name":"Injector"},{"__symbolic":"reference","module":"./metadata_resolver","name":"CompileMetadataResolver"},{"__symbolic":"reference","module":"./directive_normalizer","name":"DirectiveNormalizer"},{"__symbolic":"reference","module":"./template_parser/template_parser","name":"TemplateParser"},{"__symbolic":"reference","module":"./style_compiler","name":"StyleCompiler"},{"__symbolic":"reference","module":"./view_compiler/view_compiler","name":"ViewCompiler"},{"__symbolic":"reference","module":"./ng_module_compiler","name":"NgModuleCompiler"},{"__symbolic":"reference","module":"./directive_wrapper_compiler","name":"DirectiveWrapperCompiler"},{"__symbolic":"reference","module":"./config","name":"CompilerConfig"}]}],"compileModuleSync":[{"__symbolic":"method"}],"compileModuleAsync":[{"__symbolic":"method"}],"compileModuleAndAllComponentsSync":[{"__symbolic":"method"}],"compileModuleAndAllComponentsAsync":[{"__symbolic":"method"}],"_compileModuleAndComponents":[{"__symbolic":"method"}],"_compileModuleAndAllComponents":[{"__symbolic":"method"}],"_compileModule":[{"__symbolic":"method"}],"_compileComponents":[{"__symbolic":"method"}],"clearCacheFor":[{"__symbolic":"method"}],"clearCache":[{"__symbolic":"method"}],"_createCompiledHostTemplate":[{"__symbolic":"method"}],"_createCompiledTemplate":[{"__symbolic":"method"}],"_assertComponentKnown":[{"__symbolic":"method"}],"_assertComponentLoaded":[{"__symbolic":"method"}],"_assertDirectiveWrapper":[{"__symbolic":"method"}],"_compileDirectiveWrapper":[{"__symbolic":"method"}],"_compileTemplate":[{"__symbolic":"method"}],"_resolveStylesCompileResult":[{"__symbolic":"method"}],"_resolveAndEvalStylesCompileResult":[{"__symbolic":"method"}]}}}}