[{"__symbolic":"module","version":3,"metadata":{"DELEGATE_CTOR":{"__symbolic":"error","message":"Expression form not supported","line":18,"character":4},"ReflectionCapabilities":{"__symbolic":"class","members":{"__ctor__":[{"__symbolic":"constructor","parameters":[{"__symbolic":"reference","name":"any"}]}],"isReflectionEnabled":[{"__symbolic":"method"}],"factory":[{"__symbolic":"method"}],"_zipTypesAndAnnotations":[{"__symbolic":"method"}],"_ownParameters":[{"__symbolic":"method"}],"parameters":[{"__symbolic":"method"}],"_ownAnnotations":[{"__symbolic":"method"}],"annotations":[{"__symbolic":"method"}],"_ownPropMetadata":[{"__symbolic":"method"}],"propMetadata":[{"__symbolic":"method"}],"hasLifecycleHook":[{"__symbolic":"method"}],"getter":[{"__symbolic":"method"}],"setter":[{"__symbolic":"method"}],"method":[{"__symbolic":"method"}],"importUri":[{"__symbolic":"method"}],"resolveIdentifier":[{"__symbolic":"method"}],"resolveEnum":[{"__symbolic":"method"}]}}}},{"__symbolic":"module","version":1,"metadata":{"DELEGATE_CTOR":{"__symbolic":"error","message":"Expression form not supported","line":18,"character":4},"ReflectionCapabilities":{"__symbolic":"class","members":{"__ctor__":[{"__symbolic":"constructor","parameters":[{"__symbolic":"reference","name":"any"}]}],"isReflectionEnabled":[{"__symbolic":"method"}],"factory":[{"__symbolic":"method"}],"_zipTypesAndAnnotations":[{"__symbolic":"method"}],"_ownParameters":[{"__symbolic":"method"}],"parameters":[{"__symbolic":"method"}],"_ownAnnotations":[{"__symbolic":"method"}],"annotations":[{"__symbolic":"method"}],"_ownPropMetadata":[{"__symbolic":"method"}],"propMetadata":[{"__symbolic":"method"}],"hasLifecycleHook":[{"__symbolic":"method"}],"getter":[{"__symbolic":"method"}],"setter":[{"__symbolic":"method"}],"method":[{"__symbolic":"method"}],"importUri":[{"__symbolic":"method"}],"resolveIdentifier":[{"__symbolic":"method"}],"resolveEnum":[{"__symbolic":"method"}]}}}}]