[{"__symbolic":"module","version":3,"metadata":{"Reflector":{"__symbolic":"class","extends":{"__symbolic":"reference","module":"./reflector_reader","name":"ReflectorReader"},"members":{"__ctor__":[{"__symbolic":"constructor","parameters":[{"__symbolic":"reference","module":"./platform_reflection_capabilities","name":"PlatformReflectionCapabilities"}]}],"updateCapabilities":[{"__symbolic":"method"}],"factory":[{"__symbolic":"method"}],"parameters":[{"__symbolic":"method"}],"annotations":[{"__symbolic":"method"}],"propMetadata":[{"__symbolic":"method"}],"hasLifecycleHook":[{"__symbolic":"method"}],"getter":[{"__symbolic":"method"}],"setter":[{"__symbolic":"method"}],"method":[{"__symbolic":"method"}],"importUri":[{"__symbolic":"method"}],"resolveIdentifier":[{"__symbolic":"method"}],"resolveEnum":[{"__symbolic":"method"}]}}},"exports":[{"from":"./platform_reflection_capabilities","export":["PlatformReflectionCapabilities"]},{"from":"./types","export":["GetterFn","MethodFn","SetterFn"]}]},{"__symbolic":"module","version":1,"metadata":{"Reflector":{"__symbolic":"class","extends":{"__symbolic":"reference","module":"./reflector_reader","name":"ReflectorReader"},"members":{"__ctor__":[{"__symbolic":"constructor","parameters":[{"__symbolic":"reference","module":"./platform_reflection_capabilities","name":"PlatformReflectionCapabilities"}]}],"updateCapabilities":[{"__symbolic":"method"}],"factory":[{"__symbolic":"method"}],"parameters":[{"__symbolic":"method"}],"annotations":[{"__symbolic":"method"}],"propMetadata":[{"__symbolic":"method"}],"hasLifecycleHook":[{"__symbolic":"method"}],"getter":[{"__symbolic":"method"}],"setter":[{"__symbolic":"method"}],"method":[{"__symbolic":"method"}],"importUri":[{"__symbolic":"method"}],"resolveIdentifier":[{"__symbolic":"method"}],"resolveEnum":[{"__symbolic":"method"}]}}},"exports":[{"from":"./platform_reflection_capabilities","export":["PlatformReflectionCapabilities"]},{"from":"./types","export":["GetterFn","MethodFn","SetterFn"]}]}]