[{"__symbolic":"module","version":3,"metadata":{"ReflectorReader":{"__symbolic":"class","members":{"parameters":[{"__symbolic":"method"}],"annotations":[{"__symbolic":"method"}],"propMetadata":[{"__symbolic":"method"}],"importUri":[{"__symbolic":"method"}],"resolveIdentifier":[{"__symbolic":"method"}],"resolveEnum":[{"__symbolic":"method"}]}}}},{"__symbolic":"module","version":1,"metadata":{"ReflectorReader":{"__symbolic":"class","members":{"parameters":[{"__symbolic":"method"}],"annotations":[{"__symbolic":"method"}],"propMetadata":[{"__symbolic":"method"}],"importUri":[{"__symbolic":"method"}],"resolveIdentifier":[{"__symbolic":"method"}],"resolveEnum":[{"__symbolic":"method"}]}}}}]