[{"__symbolic":"module","version":3,"metadata":{"ANALYZE_FOR_ENTRY_COMPONENTS":{"__symbolic":"new","expression":{"__symbolic":"reference","module":"../di/opaque_token","name":"OpaqueToken"},"arguments":["AnalyzeForEntryComponents"]},"Attribute":{"__symbolic":"call","expression":{"__symbolic":"reference","module":"../util/decorators","name":"makeParamDecorator"},"arguments":["Attribute",[["attributeName",{"__symbolic":"reference","name":"undefined"}]]]},"Query":{"__symbolic":"class"},"ContentChildren":{"__symbolic":"call","expression":{"__symbolic":"reference","module":"../util/decorators","name":"makePropDecorator"},"arguments":["ContentChildren",[["selector",{"__symbolic":"reference","name":"undefined"}],{"first":false,"isViewQuery":false,"descendants":false,"read":{"__symbolic":"reference","name":"undefined"}}],{"__symbolic":"reference","name":"Query"}]},"ContentChild":{"__symbolic":"call","expression":{"__symbolic":"reference","module":"../util/decorators","name":"makePropDecorator"},"arguments":["ContentChild",[["selector",{"__symbolic":"reference","name":"undefined"}],{"first":true,"isViewQuery":false,"descendants":true,"read":{"__symbolic":"reference","name":"undefined"}}],{"__symbolic":"reference","name":"Query"}]},"ViewChildren":{"__symbolic":"call","expression":{"__symbolic":"reference","module":"../util/decorators","name":"makePropDecorator"},"arguments":["ViewChildren",[["selector",{"__symbolic":"reference","name":"undefined"}],{"first":false,"isViewQuery":true,"descendants":true,"read":{"__symbolic":"reference","name":"undefined"}}],{"__symbolic":"reference","name":"Query"}]},"ViewChild":{"__symbolic":"call","expression":{"__symbolic":"reference","module":"../util/decorators","name":"makePropDecorator"},"arguments":["ViewChild",[["selector",{"__symbolic":"reference","name":"undefined"}],{"first":true,"isViewQuery":true,"descendants":true,"read":{"__symbolic":"reference","name":"undefined"}}],{"__symbolic":"reference","name":"Query"}]}}},{"__symbolic":"module","version":1,"metadata":{"ANALYZE_FOR_ENTRY_COMPONENTS":{"__symbolic":"new","expression":{"__symbolic":"reference","module":"../di/opaque_token","name":"OpaqueToken"},"arguments":["AnalyzeForEntryComponents"]},"Attribute":{"__symbolic":"call","expression":{"__symbolic":"reference","module":"../util/decorators","name":"makeParamDecorator"},"arguments":["Attribute",[["attributeName",{"__symbolic":"reference","name":"undefined"}]]]},"Query":{"__symbolic":"class"},"ContentChildren":{"__symbolic":"call","expression":{"__symbolic":"reference","module":"../util/decorators","name":"makePropDecorator"},"arguments":["ContentChildren",[["selector",{"__symbolic":"reference","name":"undefined"}],{"first":false,"isViewQuery":false,"descendants":false,"read":{"__symbolic":"reference","name":"undefined"}}],{"__symbolic":"reference","name":"Query"}]},"ContentChild":{"__symbolic":"call","expression":{"__symbolic":"reference","module":"../util/decorators","name":"makePropDecorator"},"arguments":["ContentChild",[["selector",{"__symbolic":"reference","name":"undefined"}],{"first":true,"isViewQuery":false,"descendants":true,"read":{"__symbolic":"reference","name":"undefined"}}],{"__symbolic":"reference","name":"Query"}]},"ViewChildren":{"__symbolic":"call","expression":{"__symbolic":"reference","module":"../util/decorators","name":"makePropDecorator"},"arguments":["ViewChildren",[["selector",{"__symbolic":"reference","name":"undefined"}],{"first":false,"isViewQuery":true,"descendants":true,"read":{"__symbolic":"reference","name":"undefined"}}],{"__symbolic":"reference","name":"Query"}]},"ViewChild":{"__symbolic":"call","expression":{"__symbolic":"reference","module":"../util/decorators","name":"makePropDecorator"},"arguments":["ViewChild",[["selector",{"__symbolic":"reference","name":"undefined"}],{"first":true,"isViewQuery":true,"descendants":true,"read":{"__symbolic":"reference","name":"undefined"}}],{"__symbolic":"reference","name":"Query"}]}}}]