[{"__symbolic":"module","version":3,"metadata":{"LifecycleHooks":{"OnInit":0,"OnDestroy":1,"DoCheck":2,"OnChanges":3,"AfterContentInit":4,"AfterContentChecked":5,"AfterViewInit":6,"AfterViewChecked":7},"LIFECYCLE_HOOKS_VALUES":[{"__symbolic":"select","expression":{"__symbolic":"reference","name":"LifecycleHooks"},"member":"OnInit"},{"__symbolic":"select","expression":{"__symbolic":"reference","name":"LifecycleHooks"},"member":"OnDestroy"},{"__symbolic":"select","expression":{"__symbolic":"reference","name":"LifecycleHooks"},"member":"DoCheck"},{"__symbolic":"select","expression":{"__symbolic":"reference","name":"LifecycleHooks"},"member":"OnChanges"},{"__symbolic":"select","expression":{"__symbolic":"reference","name":"LifecycleHooks"},"member":"AfterContentInit"},{"__symbolic":"select","expression":{"__symbolic":"reference","name":"LifecycleHooks"},"member":"AfterContentChecked"},{"__symbolic":"select","expression":{"__symbolic":"reference","name":"LifecycleHooks"},"member":"AfterViewInit"},{"__symbolic":"select","expression":{"__symbolic":"reference","name":"LifecycleHooks"},"member":"AfterViewChecked"}],"OnChanges":{"__symbolic":"class","members":{"ngOnChanges":[{"__symbolic":"method"}]}},"OnInit":{"__symbolic":"class","members":{"ngOnInit":[{"__symbolic":"method"}]}},"DoCheck":{"__symbolic":"class","members":{"ngDoCheck":[{"__symbolic":"method"}]}},"OnDestroy":{"__symbolic":"class","members":{"ngOnDestroy":[{"__symbolic":"method"}]}},"AfterContentInit":{"__symbolic":"class","members":{"ngAfterContentInit":[{"__symbolic":"method"}]}},"AfterContentChecked":{"__symbolic":"class","members":{"ngAfterContentChecked":[{"__symbolic":"method"}]}},"AfterViewInit":{"__symbolic":"class","members":{"ngAfterViewInit":[{"__symbolic":"method"}]}},"AfterViewChecked":{"__symbolic":"class","members":{"ngAfterViewChecked":[{"__symbolic":"method"}]}}}},{"__symbolic":"module","version":1,"metadata":{"LifecycleHooks":{"OnInit":0,"OnDestroy":1,"DoCheck":2,"OnChanges":3,"AfterContentInit":4,"AfterContentChecked":5,"AfterViewInit":6,"AfterViewChecked":7},"LIFECYCLE_HOOKS_VALUES":[{"__symbolic":"select","expression":{"__symbolic":"reference","name":"LifecycleHooks"},"member":"OnInit"},{"__symbolic":"select","expression":{"__symbolic":"reference","name":"LifecycleHooks"},"member":"OnDestroy"},{"__symbolic":"select","expression":{"__symbolic":"reference","name":"LifecycleHooks"},"member":"DoCheck"},{"__symbolic":"select","expression":{"__symbolic":"reference","name":"LifecycleHooks"},"member":"OnChanges"},{"__symbolic":"select","expression":{"__symbolic":"reference","name":"LifecycleHooks"},"member":"AfterContentInit"},{"__symbolic":"select","expression":{"__symbolic":"reference","name":"LifecycleHooks"},"member":"AfterContentChecked"},{"__symbolic":"select","expression":{"__symbolic":"reference","name":"LifecycleHooks"},"member":"AfterViewInit"},{"__symbolic":"select","expression":{"__symbolic":"reference","name":"LifecycleHooks"},"member":"AfterViewChecked"}],"OnChanges":{"__symbolic":"class","members":{"ngOnChanges":[{"__symbolic":"method"}]}},"OnInit":{"__symbolic":"class","members":{"ngOnInit":[{"__symbolic":"method"}]}},"DoCheck":{"__symbolic":"class","members":{"ngDoCheck":[{"__symbolic":"method"}]}},"OnDestroy":{"__symbolic":"class","members":{"ngOnDestroy":[{"__symbolic":"method"}]}},"AfterContentInit":{"__symbolic":"class","members":{"ngAfterContentInit":[{"__symbolic":"method"}]}},"AfterContentChecked":{"__symbolic":"class","members":{"ngAfterContentChecked":[{"__symbolic":"method"}]}},"AfterViewInit":{"__symbolic":"class","members":{"ngAfterViewInit":[{"__symbolic":"method"}]}},"AfterViewChecked":{"__symbolic":"class","members":{"ngAfterViewChecked":[{"__symbolic":"method"}]}}}}]