[{"__symbolic":"module","version":3,"metadata":{"ViewEncapsulation":{"Emulated":0,"Native":1,"None":2},"ViewMetadata":{"__symbolic":"class","members":{"__ctor__":[{"__symbolic":"constructor","parameters":[{"__symbolic":"error","message":"Expression form not supported","line":81,"character":92}]}]}}}},{"__symbolic":"module","version":1,"metadata":{"ViewEncapsulation":{"Emulated":0,"Native":1,"None":2},"ViewMetadata":{"__symbolic":"class","members":{"__ctor__":[{"__symbolic":"constructor","parameters":[{"__symbolic":"error","message":"Expression form not supported","line":81,"character":92}]}]}}}}]